codigo,nome,lat,lon,altitude,anos_dados,data_inicio,data_fim,operando,operadora,bacia_nome,sub_bacia_pref,dist_exutorio_km,dist_centroide_bacia_km,score_anos,score_falhas,score_proximidade,score
2345019,SÃO JOSÉ DOS CAMPOS,-23.1833,-45.8833,560.0,62.76,1942-10-01,2005-07-06,True,SPÁGUAS-SP,"ATLÂNTICO,TRECHO LESTE",2345,6.959120419427897,6.959120419427897,1.0,1.0,0.7418639662140886,0.9483727932428178
2345152,ÁGUA SOCA,-23.05,-45.9,570.0,62.35,1943-03-01,2005-07-06,True,SPÁGUAS-SP,"ATLÂNTICO,TRECHO LESTE",2345,8.338858991832234,8.338858991832234,1.0,1.0,0.7057447163191841,0.9411489432638369
2345111,SÃO JOSÉ DOS CAMPOS,-23.1997,-45.8878,590.0,63.75,1949-03-01,2012-12-01,False,LIGHT,"ATLÂNTICO,TRECHO LESTE",2345,8.572219225924059,8.572219225924059,1.0,1.0,0.6999806295008986,0.9399961259001798
2345083,SÃO JOSÉ DOS CAMPOS,-23.2167,-45.85,644.0,90.97,1914-05-01,2005-04-18,True,INMET,"ATLÂNTICO,TRECHO LESTE",2345,11.783159867768456,11.783159867768456,1.0,1.0,0.6292640531403598,0.925852810628072
2345164,PARARANGABA,-23.1833,-45.8,570.0,45.43,1960-02-01,2005-07-06,True,SPÁGUAS-SP,"ATLÂNTICO,TRECHO LESTE",2345,12.750664384367628,12.750664384367628,1.0,1.0,0.6106746344219598,0.922134926884392
2345064,BUQUIRINHA,-23.1167,-45.9167,575.0,34.75,1937-11-01,1972-08-01,False,ANA,"ATLÂNTICO,TRECHO LESTE",2345,1.3172483786177074,1.3172483786177074,0.86875,1.0,0.9382073917223306,0.9220164783444661
2345020,BAIRRO CAJURU,-23.2167,-45.7833,590.0,45.18,1960-05-01,2005-07-06,True,SPÁGUAS-SP,"ATLÂNTICO,TRECHO LESTE",2345,16.281074643345292,16.281074643345292,1.0,1.0,0.5512515876832887,0.9102503175366579
2345024,JACAREÍ,-23.2833,-45.95,570.0,63.89,1942-10-01,2006-08-22,True,SPÁGUAS-SP,"ATLÂNTICO,TRECHO LESTE",2345,18.169909710481807,18.169909710481807,1.0,1.0,0.5239729449637084,0.9047945889927418
2345156,CAPUAVA,-23.2833,-45.8333,660.0,45.51,1960-01-01,2005-07-06,True,SPÁGUAS-SP,"ATLÂNTICO,TRECHO LESTE",2345,19.184732707710037,19.184732707710037,1.0,1.0,0.5104028691272603,0.9020805738254521
2345012,SAPÉ,-23.1333,-45.7167,620.0,63.7,1942-10-01,2006-06-12,True,SPÁGUAS-SP,"ATLÂNTICO,TRECHO LESTE",2345,19.503515997500653,19.503515997500653,1.0,1.0,0.5062840482671309,0.9012568096534262
2345110,JACAREÍ (SE),-23.2978,-45.9517,590.0,84.92,1928-01-01,2012-12-01,False,LIGHT,"ATLÂNTICO,TRECHO LESTE",2345,19.777807568243105,19.777807568243105,1.0,1.0,0.5027929195365494,0.9005585839073099
2345028,JACAREÍ,-23.3,-45.9667,570.0,72.08,1901-01-01,1973-02-01,False,ANA,"ATLÂNTICO,TRECHO LESTE",2345,20.418872028030766,20.418872028030766,1.0,1.0,0.4948183607432158,0.8989636721486431
2345018,FAZENDA NOSSA SSENHORA DA PIEDADE,-23.2167,-45.7333,670.0,45.43,1960-02-01,2005-07-06,True,SPÁGUAS-SP,"ATLÂNTICO,TRECHO LESTE",2345,20.510369423589985,20.510369423589985,1.0,1.0,0.4937007557465918,0.8987401511493184
2345115,CAÇAPAVA,-23.1017,-45.7067,560.0,44.42,1949-03-01,1993-08-01,False,LIGHT,"ATLÂNTICO,TRECHO LESTE",2345,20.663922774808547,20.663922774808547,1.0,1.0,0.4918364642476174,0.8983672928495235
2345063,CAÇAPAVA,-23.0778,-45.7114,545.0,89.74,1929-07-01,2019-03-27,True,SGB-CPRM,"ATLÂNTICO,TRECHO LESTE",2345,20.69405467162888,20.69405467162888,1.0,1.0,0.4914722841305765,0.8982944568261153
2345029,JARDIM,-23.3167,-45.8833,660.0,43.18,1962-05-01,2005-07-06,True,SPÁGUAS-SP,"ATLÂNTICO,TRECHO LESTE",2345,21.48869411027409,21.48869411027409,1.0,1.0,0.4820590387068192,0.8964118077413639
2345025,VARADOURO,-23.2833,-45.7833,680.0,62.35,1943-03-01,2005-07-06,True,SPÁGUAS-SP,"ATLÂNTICO,TRECHO LESTE",2345,21.710685629633275,21.710685629633275,1.0,1.0,0.47949343670800365,0.8958986873416008
2245054,MONTEIRO LOBATO,-22.9333,-45.8333,680.0,66.18,1939-05-01,2005-07-06,True,SPÁGUAS-SP,"ATLÂNTICO,TRECHO LESTE",2245,22.58640238720741,22.58640238720741,1.0,1.0,0.4696334716925473,0.8939266943385096
2345008,CERÂMICA QUIRINO,-23.0833,-45.6667,580.0,47.68,1957-11-01,2005-07-06,True,SPÁGUAS-SP,"ATLÂNTICO,TRECHO LESTE",2345,25.02458141320606,25.02458141320606,1.0,1.0,0.444201797601473,0.8888403595202946
2345105,JAMBEIRO,-23.2542,-45.6911,690.0,51.25,1937-01-01,1988-04-01,False,LIGHT,"ATLÂNTICO,TRECHO LESTE",2345,26.367162934015354,26.367162934015354,1.0,1.0,0.4313397399030387,0.8862679479806078
2345022,JAMBEIRO,-23.25,-45.6833,700.0,62.51,1943-01-01,2005-07-06,True,SPÁGUAS-SP,"ATLÂNTICO,TRECHO LESTE",2345,26.793032040286583,26.793032040286583,1.0,1.0,0.4274140641876113,0.8854828128375223
2345071,SANTA BRANCA,-23.3692,-45.9003,573.0,72.37,1952-06-01,2024-10-15,True,SGB-CPRM,"ATLÂNTICO,TRECHO LESTE",2345,27.19633518576963,27.19633518576963,1.0,1.0,0.42376171627051007,0.884752343254102
2345106,UHE SANTA BRANCA BARRAMENTO,-23.3733,-45.87,627.0,70.58,1955-11-01,2026-06-01,True,LIGHT,"ATLÂNTICO,TRECHO LESTE",2345,27.903137759245773,27.903137759245773,1.0,1.0,0.41750918489968447,0.883501836979937
2345084,JAMBEIRO,-23.3,-45.7,780.0,82.46,1922-11-01,2005-04-18,True,INMET,"ATLÂNTICO,TRECHO LESTE",2345,28.780538037373788,28.780538037373788,1.0,1.0,0.40999957779630813,0.8819999155592617
2345148,GERMANA,-23.2,-45.6333,980.0,43.0,1940-04-01,1983-04-01,False,SPÁGUAS-SP,"ATLÂNTICO,TRECHO LESTE",2345,29.22641346555667,29.22641346555667,1.0,1.0,0.40628594675079954,0.88125718935016
2245045,SÃO BENEDITO,-22.8667,-45.7833,780.0,62.35,1943-03-01,2005-07-06,True,SPÁGUAS-SP,"ATLÂNTICO,TRECHO LESTE",2245,31.366538136791508,31.366538136791508,1.0,1.0,0.3893585342804115,0.8778717068560824
2345033,GRANJA PILOTO,-23.0667,-45.6,620.0,51.51,1954-01-01,2005-07-06,True,SPÁGUAS-SP,"ATLÂNTICO,TRECHO LESTE",2345,32.07634131202569,32.07634131202569,1.0,1.0,0.3840515576961532,0.8768103115392307
2345034,ALFERES,-23.3667,-45.6833,670.0,62.51,1943-01-01,2005-07-06,True,SPÁGUAS-SP,"ATLÂNTICO,TRECHO LESTE",2345,35.31844431292491,35.31844431292491,1.0,1.0,0.3615430666644233,0.8723086133328847
2345062,TAUBATÉ,-23.0394,-45.5597,586.0,81.65,1937-08-01,2019-03-27,True,SGB-CPRM,"ATLÂNTICO,TRECHO LESTE",2345,36.79057592752781,36.79057592752781,1.0,1.0,0.3521711071485278,0.8704342214297056
2345114,CANGUERA,-23.0186,-45.5647,582.0,44.42,1949-03-01,1993-08-01,False,LIGHT,"ATLÂNTICO,TRECHO LESTE",2345,36.97106480797551,36.97106480797551,1.0,1.0,0.3510554009726031,0.8702110801945206
2345103,TAUBATÉ (SE),-23.0203,-45.56,580.0,84.42,1928-07-01,2012-12-01,False,LIGHT,"ATLÂNTICO,TRECHO LESTE",2345,37.36768728484639,37.36768728484639,1.0,1.0,0.34862831232318087,0.8697256624646362
2345166,FAZENDA CONCEIÇÃO,-23.15,-45.5333,660.0,44.26,1961-04-01,2005-07-06,True,SPÁGUAS-SP,"ATLÂNTICO,TRECHO LESTE",2345,38.335064088789075,38.335064088789075,1.0,1.0,0.34284697055546104,0.8685693941110922
2345102,PARAIBUNA,-23.3933,-45.6608,650.0,90.87,1927-10-01,2018-08-13,True,LIGHT,"ATLÂNTICO,TRECHO LESTE",2345,39.059618033000504,39.059618033000504,1.0,1.0,0.338640862675825,0.8677281725351651
2345015,FAZENDA IPIRANGA,-23.2,-45.5333,710.0,44.26,1961-04-01,2005-07-06,True,SPÁGUAS-SP,"ATLÂNTICO,TRECHO LESTE",2345,39.130860362972896,39.130860362972896,1.0,1.0,0.3382328597492179,0.8676465719498436
2345121,USINA PUTIM,-23.4272,-45.9769,590.0,39.5,1928-01-01,1967-07-01,False,LIGHT,"ATLÂNTICO,TRECHO LESTE",2345,34.381714375660735,34.381714375660735,0.9875,1.0,0.3677706786116193,0.8673041357223238
2245119,TREMEMBÉ,-22.9667,-45.55,545.0,64.58,1946-11-01,2011-06-02,True,INMET,"ATLÂNTICO,TRECHO LESTE",2245,40.55235450534418,40.55235450534418,1.0,1.0,0.33029268908502735,0.8660585378170055
2345163,BAIRRO REGISTRO,-23.1333,-45.5,620.0,48.1,1957-06-01,2005-07-06,True,SPÁGUAS-SP,"ATLÂNTICO,TRECHO LESTE",2345,41.65023242854513,41.65023242854513,1.0,1.0,0.3244107801731442,0.8648821560346289
2345113,REDENÇÃO DA SERRA,-23.2794,-45.5347,760.0,44.17,1949-06-01,1993-08-01,False,LIGHT,"ATLÂNTICO,TRECHO LESTE",2345,41.776060606448645,41.776060606448645,1.0,1.0,0.3237500061295953,0.864750001225919
2345023,REDENÇÃO DA SERRA,-23.2833,-45.5333,740.0,51.93,1953-08-01,2005-07-06,True,SPÁGUAS-SP,"ATLÂNTICO,TRECHO LESTE",2345,42.08585248720943,42.08585248720943,1.0,1.0,0.32213457975986215,0.8644269159519725
2345161,REMÉDIOS,-23.0667,-45.5,600.0,48.1,1957-06-01,2005-07-06,True,SPÁGUAS-SP,"ATLÂNTICO,TRECHO LESTE",2345,42.1459510906294,42.1459510906294,1.0,1.0,0.3218230576410902,0.8643646115282181
2245036,EUGÊNIO LEFEVRE,-22.8333,-45.6333,1220.0,69.35,1936-03-01,2005-07-06,True,SPÁGUAS-SP,"ATLÂNTICO,TRECHO LESTE",2245,42.849967917952455,42.849967917952455,1.0,1.0,0.3182181417516237,0.8636436283503248
2345098,UHE PARAIBUNA BARRAMENTO,-23.4131,-45.6025,719.0,51.81,1965-05-01,2017-02-22,True,CESP,"ATLÂNTICO,TRECHO LESTE",2345,44.68980431845695,44.68980431845695,1.0,1.0,0.30916773069127534,0.8618335461382551
2245043,PIRAÇUAMA,-22.85,-45.5833,640.0,47.68,1957-11-01,2005-07-06,True,SPÁGUAS-SP,"ATLÂNTICO,TRECHO LESTE",2245,45.08145045403746,45.08145045403746,1.0,1.0,0.30730722595257187,0.8614614451905144
2345159,FAZENDA SÃO JOÃO,-23.2,-45.4667,660.0,51.51,1954-01-01,2005-07-06,True,SPÁGUAS-SP,"ATLÂNTICO,TRECHO LESTE",2345,45.80499188464533,45.80499188464533,1.0,1.0,0.3039283104093311,0.8607856620818662
2345066,JACAREÍ,-23.3167,-45.9667,,37.17,1935-06-01,1972-08-01,False,ANA,"ATLÂNTICO,TRECHO LESTE",2345,22.198366798395195,22.198366798395195,0.92925,1.0,0.473951991923076,0.8594153983846152
2345004,PEDREGULHO,-23.0333,-45.7833,580.0,35.84,1969-09-01,2005-07-06,True,SPÁGUAS-SP,"ATLÂNTICO,TRECHO LESTE",2345,16.245992088778884,16.245992088778884,0.8960000000000001,1.0,0.5517851449896345,0.8583570289979269
2345154,COMÉRCIO,-23.45,-45.5833,720.0,62.35,1943-03-01,2005-07-06,True,SPÁGUAS-SP,"ATLÂNTICO,TRECHO LESTE",2345,49.018457193440234,49.018457193440234,1.0,1.0,0.2897775582543864,0.8579555116508774
2245042,SANTA RITA DO MASSAIM,-22.9,-45.4833,540.0,60.26,1945-04-01,2005-07-06,True,SPÁGUAS-SP,"ATLÂNTICO,TRECHO LESTE",2245,50.064888421628616,50.064888421628616,1.0,1.0,0.28544968029701623,0.8570899360594033
2245049,PINDAMONHANGABA,-22.9167,-45.4667,530.0,47.76,1957-10-01,2005-07-06,True,SPÁGUAS-SP,"ATLÂNTICO,TRECHO LESTE",2245,50.66752648329894,50.66752648329894,1.0,1.0,0.2830154244145882,0.8566030848829177
2245048,PINDAMONHANGABA,-22.9111,-45.4694,524.0,89.27,1932-01-01,2021-04-08,True,SGB-CPRM,"ATLÂNTICO,TRECHO LESTE",2245,50.71130410000969,50.71130410000969,1.0,1.0,0.2828402085713656,0.8565680417142731
2245135,MADUREIRA,-22.9225,-45.4558,560.0,53.08,1940-07-01,1993-08-01,False,LIGHT,"ATLÂNTICO,TRECHO LESTE",2245,51.37615656155102,51.37615656155102,1.0,1.0,0.28020561716226705,0.8560411234324534
2245116,PINDAMONHANGABA (IAC),-22.9167,-45.45,560.0,52.96,1952-05-01,2005-04-18,True,INMET,"ATLÂNTICO,TRECHO LESTE",2245,52.19397950713873,52.19397950713873,1.0,1.0,0.27703141088132355,0.8554062821762648
2245057,FAZENDA BELA VISTA,-22.9667,-45.4167,610.0,47.76,1957-10-01,2005-07-06,True,SPÁGUAS-SP,"ATLÂNTICO,TRECHO LESTE",2245,53.17457607172097,53.17457607172097,1.0,1.0,0.27331897325100046,0.8546637946502001
2345009,FAZENDA SANTA LEONOR,-23.15,-45.3833,760.0,51.43,1954-02-01,2005-07-06,True,SPÁGUAS-SP,"ATLÂNTICO,TRECHO LESTE",2345,53.64317436558105,53.64317436558105,1.0,1.0,0.27157981947811705,0.8543159638956235
2245047,PINDAMONHANGABA,-22.9,-45.4333,528.0,41.67,1937-05-01,2008-04-07,True,SPÁGUAS-SP,"ATLÂNTICO,TRECHO LESTE",2245,54.55917040291666,54.55917040291666,1.0,1.0,0.26824332797589207,0.8536486655951785
2345032,NATIVIDADE DA SERRA,-23.3833,-45.45,720.0,65.51,1940-01-01,2005-07-06,True,SPÁGUAS-SP,"ATLÂNTICO,TRECHO LESTE",2345,54.8500314297017,54.8500314297017,1.0,1.0,0.2672009566059271,0.8534401913211854
2345042,PITAS,-23.5,-45.55,780.0,62.35,1943-03-01,2005-07-06,True,SPÁGUAS-SP,"ATLÂNTICO,TRECHO LESTE",2345,55.42589571331734,55.42589571331734,1.0,1.0,0.2651609213368448,0.853032184267369
2245052,HORTO FLORESTAL,-22.9833,-45.3833,620.0,69.68,1935-11-01,2005-07-06,True,SPÁGUAS-SP,"ATLÂNTICO,TRECHO LESTE",2245,55.86097609344299,55.86097609344299,1.0,1.0,0.26364016164733595,0.8527280323294673
2245028,PICO DO ITAPEVA,-22.7667,-45.5167,1840.0,47.68,1957-11-01,2005-07-06,True,SPÁGUAS-SP,"ATLÂNTICO,TRECHO LESTE",2245,56.422774331070364,56.422774331070364,1.0,1.0,0.2617020930613981,0.8523404186122796
2245136,BARONESA,-22.8272,-45.4256,570.0,53.17,1940-07-01,1993-09-01,False,LIGHT,"ATLÂNTICO,TRECHO LESTE",2245,59.37272829245464,59.37272829245464,1.0,1.0,0.251975715466256,0.8503951430932513
2245031,FAZENDA VERA CRUZ,-22.7667,-45.45,700.0,47.84,1957-09-01,2005-07-06,True,SPÁGUAS-SP,"ATLÂNTICO,TRECHO LESTE",2245,61.45217223590262,61.45217223590262,1.0,1.0,0.245542868299151,0.8491085736598303
2245129,USINA ISABEL,-22.7533,-45.4467,825.0,84.75,1928-03-01,2012-12-01,False,LIGHT,"ATLÂNTICO,TRECHO LESTE",2245,62.68325392742355,62.68325392742355,1.0,1.0,0.24188694868679572,0.8483773897373592
2345104,SÃO LUÍS DO PARAITINGA,-23.2372,-45.3056,750.0,40.42,1953-03-01,1993-08-01,False,LIGHT,"ATLÂNTICO,TRECHO LESTE",2345,62.7536892891611,62.7536892891611,1.0,1.0,0.24168106789916322,0.8483362135798327
2345065,SÃO LUÍS DO PARAITINGA,-23.2392,-45.3056,760.0,91.43,1930-08-01,2022-01-06,True,SGB-CPRM,"ATLÂNTICO,TRECHO LESTE",2345,62.79794853200996,62.79794853200996,1.0,1.0,0.2415518784534611,0.8483103756906922
2245131,REPRESA ISABEL,-22.73,-45.4553,1800.0,52.25,1941-05-01,1993-08-01,False,LIGHT,"ATLÂNTICO,TRECHO LESTE",2245,63.78073517182846,63.78073517182846,1.0,1.0,0.23871836358300497,0.847743672716601
2245061,FAZENDA SÃO JOÃO,-22.9333,-45.3167,560.0,48.01,1957-07-01,2005-07-06,True,SPÁGUAS-SP,"ATLÂNTICO,TRECHO LESTE",2245,64.06627316534922,64.06627316534922,1.0,1.0,0.23790753707687476,0.847581507415375
2245035,FAZENDA SAPUCAIA,-22.8167,-45.3667,540.0,47.84,1957-09-01,2005-07-06,True,SPÁGUAS-SP,"ATLÂNTICO,TRECHO LESTE",2245,65.07612393102241,65.07612393102241,1.0,1.0,0.23508358251270944,0.847016716502542
2345116,PASSA QUATRO,-23.5461,-45.4503,750.0,63.75,1929-11-01,1993-08-01,False,LIGHT,"ATLÂNTICO,TRECHO LESTE",2345,66.11938361043626,66.11938361043626,1.0,1.0,0.23223575415345088,0.8464471508306902
2245152,USINA VATICANO,-22.9808,-45.2781,,55.84,1957-08-01,2013-06-05,True,FURNAS,"ATLÂNTICO,TRECHO LESTE",2245,66.32568466717933,66.32568466717933,1.0,1.0,0.23168075732162619,0.8463361514643253
2345041,BAIRRO ALTO,-23.4667,-45.35,710.0,65.51,1940-01-01,2005-07-06,True,SPÁGUAS-SP,"ATLÂNTICO,TRECHO LESTE",2345,68.44379902084648,68.44379902084648,1.0,1.0,0.2261323034674928,0.8452264606934986
2345073,BAIRRO ALTO,-23.4667,-45.35,699.0,44.75,1929-07-01,1974-04-01,False,ANA,"ATLÂNTICO,TRECHO LESTE",2345,68.44379902084648,68.44379902084648,1.0,1.0,0.2261323034674928,0.8452264606934986
2245030,FAZENDA NATAL,-22.7833,-45.35,580.0,47.59,1957-12-01,2005-07-06,True,SPÁGUAS-SP,"ATLÂNTICO,TRECHO LESTE",2245,68.5275227970617,68.5275227970617,1.0,1.0,0.22591844172402187,0.8451836883448044
2345006,FAXINAL,-23.1167,-45.2,840.0,46.26,1959-04-01,2005-07-06,True,SPÁGUAS-SP,"ATLÂNTICO,TRECHO LESTE",2345,72.32639960444227,72.32639960444227,1.0,1.0,0.2166227653811565,0.8433245530762313
2345007,LAGOINHA,-23.0833,-45.2,910.0,57.51,1948-01-01,2005-07-06,True,SPÁGUAS-SP,"ATLÂNTICO,TRECHO LESTE",2345,72.47627102542319,72.47627102542319,1.0,1.0,0.21627169627656898,0.8432543392553138
2345171,CACHOEIRINHA,-23.2833,-45.2167,820.0,49.18,1956-05-01,2005-07-06,True,SPÁGUAS-SP,"ATLÂNTICO,TRECHO LESTE",2345,72.73941230686053,72.73941230686053,1.0,1.0,0.21565804119852583,0.8431316082397052
2245123,APARECIDA,-22.8681,-45.2533,538.0,58.0,1954-12-01,2012-12-01,False,LIGHT,"ATLÂNTICO,TRECHO LESTE",2245,72.75989380325615,72.75989380325615,1.0,1.0,0.2156104236430027,0.8431220847286006
2345117,LAGOINHA,-23.005,-45.1919,900.0,44.17,1949-06-01,1993-08-01,False,LIGHT,"ATLÂNTICO,TRECHO LESTE",2345,74.38023287140167,74.38023287140167,1.0,1.0,0.21190877995873475,0.842381755991747
2245009,USINA SODRÉ,-22.6667,-45.35,1600.0,54.51,1951-01-01,2005-07-06,True,SPÁGUAS-SP,"ATLÂNTICO,TRECHO LESTE",2245,76.49374753362305,76.49374753362305,1.0,1.0,0.2072673153566871,0.8414534630713375
2245041,APARECIDA,-22.8167,-45.2333,520.0,65.26,1940-04-01,2005-07-06,True,SPÁGUAS-SP,"ATLÂNTICO,TRECHO LESTE",2245,77.02504760311139,77.02504760311139,1.0,1.0,0.20613233895861177,0.8412264677917224
2245126,CERCO (ALTO DO SODRÉ),-22.6575,-45.3247,1100.0,40.08,1944-05-01,1984-06-01,False,LIGHT,"ATLÂNTICO,TRECHO LESTE",2245,79.1159175847831,79.1159175847831,1.0,1.0,0.201783936297539,0.8403567872595078
2245015,FAZENDA SANTO ANTÔNIO,-22.7,-45.2833,600.0,47.93,1957-08-01,2005-07-06,True,SPÁGUAS-SP,"ATLÂNTICO,TRECHO LESTE",2245,79.45733836689757,79.45733836689757,1.0,1.0,0.2010912450343293,0.8402182490068659
2245122,USINA SODRÉ (MANTIQ.),-22.6639,-45.3092,730.0,84.92,1928-01-01,2012-12-01,False,LIGHT,"ATLÂNTICO,TRECHO LESTE",2245,79.86065412523094,79.86065412523094,1.0,1.0,0.20027908063689293,0.8400558161273787
2245032,UHE FUNIL GUARATINGUETÁ,-22.8089,-45.2008,558.0,86.43,1930-08-01,2017-01-05,True,FURNAS,"ATLÂNTICO,TRECHO LESTE",2245,80.39589859655068,80.39589859655068,1.0,1.0,0.19921132515952342,0.8398422650319047
2245024,FAZENDA CAPITUVA,-22.75,-45.2333,550.0,47.84,1957-09-01,2005-07-06,True,SPÁGUAS-SP,"ATLÂNTICO,TRECHO LESTE",2245,80.61154344108171,80.61154344108171,1.0,1.0,0.19878434736181175,0.8397568694723624
2245058,TREMEMBÉ,-22.95,-45.5333,528.0,38.09,1934-07-01,1972-08-01,False,ANA,"ATLÂNTICO,TRECHO LESTE",2245,42.90919055016837,42.90919055016837,0.95225,1.0,0.31791857159647513,0.839708714319295
2345118,PONTE ALTA,-23.3256,-45.1447,900.0,40.42,1953-03-01,1993-08-01,False,LIGHT,"ATLÂNTICO,TRECHO LESTE",2345,81.05440205234044,81.05440205234044,1.0,1.0,0.19791319916613961,0.839582639833228
2245014,BAIRRO DOS LEMES,-22.7167,-45.25,570.0,47.59,1957-12-01,2005-07-06,True,SPÁGUAS-SP,"ATLÂNTICO,TRECHO LESTE",2245,81.16951099465666,81.16951099465666,1.0,1.0,0.19768801690715213,0.8395376033814305
2245046,BRUMADO,-22.9,-45.15,640.0,68.18,1937-05-01,2005-07-06,True,SPÁGUAS-SP,"ATLÂNTICO,TRECHO LESTE",2245,81.42463360876243,81.42463360876243,1.0,1.0,0.1971907542417006,0.8394381508483402
2345067,PONTE ALTA 1,-23.3292,-45.1403,888.0,92.59,1933-08-01,2026-03-03,True,SGB-CPRM,"ATLÂNTICO,TRECHO LESTE",2345,81.59632310844907,81.59632310844907,1.0,1.0,0.196857517950241,0.8393715035900482
2245113,GUARATINGUETÁ,-22.7833,-45.2,537.0,48.75,1917-01-01,1965-10-01,False,INMET,"ATLÂNTICO,TRECHO LESTE",2245,81.75796478177783,81.75796478177783,1.0,1.0,0.19654481143456862,0.8393089622869138
2345069,PONTE ALTA 2 (RIO IPIRANGA),-23.3333,-45.1333,904.0,43.75,1935-02-01,1978-11-01,False,ANA,"ATLÂNTICO,TRECHO LESTE",2345,82.4094905587735,82.4094905587735,1.0,1.0,0.1952943998732409,0.8390588799746482
2245039,FAZENDA PALMEIRAS,-22.8333,-45.1667,530.0,48.01,1957-07-01,2005-07-06,True,SPÁGUAS-SP,"ATLÂNTICO,TRECHO LESTE",2245,82.44053407187954,82.44053407187954,1.0,1.0,0.19523521798477333,0.8390470435969547
2245021,COLÔNIA DO PIAGUI,-22.7333,-45.2,540.0,48.01,1957-07-01,2005-07-06,True,SPÁGUAS-SP,"ATLÂNTICO,TRECHO LESTE",2245,84.49452085815179,84.49452085815179,1.0,1.0,0.19139759516338095,0.8382795190326763
2345126,TAUBATÉ,-23.0042,-45.5058,,37.92,1975-01-01,2012-12-01,False,EMAE,"ATLÂNTICO,TRECHO LESTE",2345,43.196520998469175,43.196520998469175,0.9480000000000001,1.0,0.31647311725410426,0.8372946234508208
2245059,ROCINHA,-22.9,-45.0833,1000.0,62.26,1943-04-01,2005-07-06,True,SPÁGUAS-SP,"ATLÂNTICO,TRECHO LESTE",2245,87.94671298317249,87.94671298317249,1.0,1.0,0.18527660034555887,0.8370553200691118
2245055,ESTRADA DO CUNHA,-22.9961,-45.0433,790.0,90.25,1935-11-01,2026-01-29,True,SGB-CPRM,"ATLÂNTICO,TRECHO LESTE",2245,89.53452643380508,89.53452643380508,1.0,1.0,0.18259082913081826,0.8365181658261637
2245027,HARAS MONDESIR,-22.7667,-45.1167,540.0,47.93,1957-08-01,2005-07-06,True,SPÁGUAS-SP,"ATLÂNTICO,TRECHO LESTE",2245,90.20336762738131,90.20336762738131,1.0,1.0,0.18148265729613483,0.836296531459227
2245003,REPRESA PIQUETE,-22.6,-45.2167,860.0,44.1,1961-06-01,2005-07-06,True,SPÁGUAS-SP,"ATLÂNTICO,TRECHO LESTE",2245,91.70226436252563,91.70226436252563,1.0,1.0,0.17904739992638583,0.8358094799852772
2245128,LORENA,-22.7481,-45.1022,540.0,84.33,1928-08-01,2012-12-01,False,LIGHT,"ATLÂNTICO,TRECHO LESTE",2245,92.46126845217924,92.46126845217924,1.0,1.0,0.17783900426576102,0.8355678008531523
2245062,PIQUETE,-22.6,-45.1833,660.0,44.1,1961-06-01,2005-07-06,True,SPÁGUAS-SP,"ATLÂNTICO,TRECHO LESTE",2245,94.3675429421836,94.3675429421836,1.0,1.0,0.1748747895205778,0.8349749579041156
2245020,LORENA,-22.7333,-45.0833,540.0,48.1,1957-06-01,2005-07-06,True,SPÁGUAS-SP,"ATLÂNTICO,TRECHO LESTE",2245,94.93806557014496,94.93806557014496,1.0,1.0,0.1740067566022703,0.8348013513204541
2245109,PIQUETE,-22.6,-45.1667,647.0,51.58,1914-11-01,1966-06-01,False,INMET,"ATLÂNTICO,TRECHO LESTE",2245,95.7101113629375,95.7101113629375,1.0,1.0,0.1728457415209618,0.8345691483041924
2344015,CUNHA,-23.0792,-44.9589,940.0,44.67,1948-12-01,1993-08-01,False,LIGHT,"ATLÂNTICO,TRECHO LESTE",2344,97.1220546250016,97.1220546250016,1.0,1.0,0.170762031660352,0.8341524063320704
2245060,FAZENDA SANTO ANTÔNIO,-22.75,-45.05,540.0,48.1,1957-06-01,2005-07-06,True,SPÁGUAS-SP,"ATLÂNTICO,TRECHO LESTE",2245,97.16584893585957,97.16584893585957,1.0,1.0,0.17069820414094092,0.8341396408281883
2344002,CUNHA (INMET),-23.0667,-44.95,970.0,75.91,1891-01-01,1966-12-01,False,SPÁGUAS-SP,"ATLÂNTICO,TRECHO LESTE",2344,98.11719776910411,98.11719776910411,1.0,1.0,0.16932335322664924,0.8338646706453299
2345070,NATIVIDADE DA SERRA 2,-23.3833,-45.4333,674.0,38.42,1935-09-01,1974-02-01,False,ANA,"ATLÂNTICO,TRECHO LESTE",2345,56.309991681785554,56.309991681785554,0.9605,1.0,0.2620888766886578,0.8326677753377316
2344001,FAZENDA DO CUME,-23.0833,-44.9,900.0,83.94,1939-09-01,2023-08-09,True,SPÁGUAS-SP,"ATLÂNTICO,TRECHO LESTE",2344,103.11557265594423,103.11557265594423,1.0,1.0,0.16244898649735814,0.8324897972994717
2245007,UHE FUNIL MONTANTE 2,-22.6617,-45.0122,501.0,84.01,1933-01-01,2017-01-05,True,FURNAS,"ATLÂNTICO,TRECHO LESTE",2245,105.14641212676155,105.14641212676155,1.0,1.0,0.159812811730806,0.8319625623461613
2244010,FAZENDA SANTA CLARA (EX BOCAINA),-22.6919,-44.975,550.0,85.43,1935-11-01,2021-04-08,True,SGB-CPRM,"ATLÂNTICO,TRECHO LESTE",2244,106.92280275173188,106.92280275173188,1.0,1.0,0.1575760979618542,0.8315152195923708
2344009,ALTO S. DO MAR - B. MATO LIMPO,-23.1517,-44.8508,1239.0,57.77,1967-09-01,2025-06-10,True,SGB-CPRM,"ATLÂNTICO,TRECHO LESTE",2344,108.05892263596756,108.05892263596756,1.0,1.0,0.15617810604930588,0.8312356212098613
2345097,SÃO JOSÉ DOS CAMPOS,-23.2167,-45.8667,649.0,32.18,1973-05-01,2005-07-06,True,DEPV,"ATLÂNTICO,TRECHO LESTE",2345,11.035967966711356,11.035967966711356,0.8045,1.0,0.6444136049325626,0.8311327209865126
2244124,USINA BOCAINA,-22.7297,-44.915,550.0,73.52,1935-12-01,2009-06-10,True,FURNAS,"ATLÂNTICO,TRECHO LESTE",2244,110.69791849698667,110.69791849698667,1.0,1.0,0.1530246252579846,0.830604925051597
2244005,CRUZEIRO,-22.5833,-44.9833,540.0,68.18,1937-05-01,2005-07-05,True,SPÁGUAS-SP,"ATLÂNTICO,TRECHO LESTE",2244,112.18789279247673,112.18789279247673,1.0,1.0,0.15129978682236978,0.830259957364474
2244048,CAMPOS DE CUNHA,-22.9211,-44.8222,750.0,50.96,1967-08-01,2018-07-16,True,SGB-CPRM,"ATLÂNTICO,TRECHO LESTE",2244,113.32111489152351,113.32111489152351,1.0,1.0,0.15001374700678857,0.8300027494013578
2244096,CAMPOS DO CUNHA,-22.9203,-44.8203,1010.0,44.08,1949-07-01,1993-08-01,False,LIGHT,"ATLÂNTICO,TRECHO LESTE",2244,113.52974082134556,113.52974082134556,1.0,1.0,0.14977936658140265,0.8299558733162806
2244004,CRUZEIRO,-22.5814,-44.965,520.0,83.59,1929-05-01,2012-12-01,False,LIGHT,"ATLÂNTICO,TRECHO LESTE",2244,113.88711465270266,113.88711465270266,1.0,1.0,0.14937957287285733,0.8298759145745715
2244003,CRUZEIRO,-22.5892,-44.9558,514.0,58.25,1937-05-01,1995-08-01,False,ANA,"ATLÂNTICO,TRECHO LESTE",2244,114.23046684876655,114.23046684876655,1.0,1.0,0.14899747031747568,0.8297994940634952
2245002,TÚNEL,-22.5,-45.0167,1040.0,50.12,1956-05-01,2006-06-16,True,SPÁGUAS-SP,"ATLÂNTICO,TRECHO LESTE",2245,114.6994318919669,114.6994318919669,1.0,1.0,0.14847872570123843,0.8296957451402477
2344007,PARATI,-23.2444,-44.7794,30.0,63.5,1962-08-01,2026-01-29,True,SGB-CPRM,"ATLÂNTICO,TRECHO LESTE",2344,116.04375847939346,116.04375847939346,1.0,1.0,0.14701152205398235,0.8294023044107965
2344006,PATRIMÔNIO,-23.3172,-44.7217,90.0,51.01,1967-08-01,2018-08-03,True,SGB-CPRM,"ATLÂNTICO,TRECHO LESTE",2344,123.01915206410435,123.01915206410435,1.0,1.0,0.1398414108275202,0.8279682821655041
2344008,SÃO ROQUE,-23.0722,-44.6981,,51.01,1967-08-01,2018-08-03,True,SGB-CPRM,"ATLÂNTICO,TRECHO LESTE",2344,123.8050710692098,123.8050710692098,1.0,1.0,0.13907715389518147,0.8278154307790363
2244163,UHE FUNIL MONTANTE 1,-22.5403,-44.7739,478.0,82.3,1934-10-01,2017-01-19,True,FURNAS,"ATLÂNTICO,TRECHO LESTE",2244,133.08523209229952,133.08523209229952,1.0,1.0,0.13064617485729402,0.8261292349714588
2244001,QUELUZ,-22.5406,-44.7736,500.0,90.04,1934-10-01,2024-10-15,True,SGB-CPRM,"ATLÂNTICO,TRECHO LESTE",2244,133.0956702792089,133.0956702792089,1.0,1.0,0.1306372672951816,0.8261274534590364
2244090,MONTE SERRAT,-22.45,-44.8333,759.0,90.29,1915-01-01,2005-04-18,True,INMET,"ATLÂNTICO,TRECHO LESTE",2244,133.22350457706372,133.22350457706372,1.0,1.0,0.13052827668447567,0.8261056553368952
2244135,FAZENDA DAS GARRAFAS,-22.7361,-44.6269,1485.0,41.52,1979-10-01,2021-04-08,True,SGB-CPRM,"ATLÂNTICO,TRECHO LESTE",2244,138.04942433336365,138.04942433336365,1.0,1.0,0.1265426943777743,0.8253085388755549
2244028,FAZENDA FORTALEZA,-22.9583,-44.5611,130.0,58.92,1936-07-01,1995-06-01,False,ANA,"ATLÂNTICO,TRECHO LESTE",2244,138.97515418787813,138.97515418787813,1.0,1.0,0.12580582231336498,0.8251611644626731
2244006,SÃO JOSÉ DO BARREIRO,-22.65,-44.5833,530.0,62.51,1943-01-01,2005-07-05,True,SPÁGUAS-SP,"ATLÂNTICO,TRECHO LESTE",2244,145.53029834463462,145.53029834463462,1.0,1.0,0.1208238020471632,0.8241647604094327
2244030,NHANGAPI,-22.5033,-44.6156,440.0,62.07,1956-11-01,2018-11-26,True,SGB-CPRM,"ATLÂNTICO,TRECHO LESTE",2244,149.33012932970018,149.33012932970018,1.0,1.0,0.11811247105976218,0.8236224942119524
2244145,UHE FUNIL BARRAMENTO,-22.5317,-44.5728,,50.06,1974-01-01,2024-01-24,True,FURNAS,"ATLÂNTICO,TRECHO LESTE",2244,151.82187516724932,151.82187516724932,1.0,1.0,0.11639961431297526,0.8232799228625951
2244105,ITATIAIA,-22.4969,-44.5583,382.0,40.83,1952-10-01,1993-08-01,False,LIGHT,"ATLÂNTICO,TRECHO LESTE",2244,154.8827561572404,154.8827561572404,1.0,1.0,0.11436233302509036,0.8228724666050181
2244031,ITATIAIA,-22.5003,-44.5542,380.0,53.41,1956-11-01,2010-04-01,False,FURNAS,"ATLÂNTICO,TRECHO LESTE",2244,155.08684540784142,155.08684540784142,1.0,1.0,0.11422902704890633,0.8228458054097814
2244020,NUÚCLEO COL. BANDEIRANTES,-22.6,-44.4667,545.0,99.49,1913-12-01,2013-05-29,True,INMET,"ATLÂNTICO,TRECHO LESTE",2244,158.70530132201034,158.70530132201034,1.0,1.0,0.11191609791117423,0.8223832195822349
2244039,FAZENDA AGULHAS NEGRAS,-22.3378,-44.5903,1245.0,80.18,1941-02-01,2021-04-08,True,SGB-CPRM,"ATLÂNTICO,TRECHO LESTE",2244,160.92396080706905,160.92396080706905,1.0,1.0,0.11054367763553052,0.8221087355271062
2344013,ANGRA DOS REIS,-23.0,-44.3166666666667,2.0,91.8,1913-07-01,2005-04-20,True,INMET,"ATLÂNTICO,TRECHO LESTE",2344,163.31357040446846,163.31357040446846,1.0,1.0,0.10910267011804642,0.8218205340236093
2244088,ITATIAIA (PARQUE NACIONAL),-22.4833,-44.4667,922.0,55.1,1950-06-01,2005-07-06,True,INMET,"ATLÂNTICO,TRECHO LESTE",2244,163.9772414333711,163.9772414333711,1.0,1.0,0.10870909816985798,0.8217418196339716
2244087,RESENDE (AMAN),-22.4833,-44.4667,441.0,49.0,1911-06-01,1960-06-01,False,INMET,"ATLÂNTICO,TRECHO LESTE",2244,163.9772414333711,163.9772414333711,1.0,1.0,0.10870909816985798,0.8217418196339716
2245124,MOREIRA CESAR,-22.9172,-45.3606,570.0,37.75,1949-03-01,1986-12-01,False,LIGHT,"ATLÂNTICO,TRECHO LESTE",2245,60.51043589218042,60.51043589218042,0.94375,1.0,0.2484150008426734,0.8215580001685346
2244047,VISCONDE DE MAUÁ (ESC. AGROT),-22.33,-44.5383,1030.0,82.0,1937-05-01,2019-07-12,True,SGB-CPRM,"ATLÂNTICO,TRECHO LESTE",2244,165.8888233615048,165.8888233615048,1.0,1.0,0.1075911915430508,0.8215182383086101
2244092,RESENDE,-22.4833,-44.4453,440.0,96.46,1911-05-01,2007-10-15,True,INMET,"ATLÂNTICO,TRECHO LESTE",2244,165.95517045865867,165.95517045865867,1.0,1.0,0.10755280399394097,0.8215105607987883
2244032,RESENDE,-22.4661,-44.4447,,47.59,1957-03-01,2004-10-01,False,ANA,"ATLÂNTICO,TRECHO LESTE",2244,166.84974532126566,166.84974532126566,1.0,1.0,0.10703787669398428,0.8214075753387969
2244022,BANANAL,-22.7,-44.3167,560.0,77.05,1928-04-01,2005-04-18,True,INMET,"ATLÂNTICO,TRECHO LESTE",2244,169.60782524985595,169.60782524985595,1.0,1.0,0.1054808786169293,0.8210961757233859
2244133,BANANAL,-22.6833,-44.3167,460.0,76.99,1937-09-01,2014-08-29,True,FURNAS,"ATLÂNTICO,TRECHO LESTE",2244,170.14377651328,170.14377651328,1.0,1.0,0.10518356354725691,0.8210367127094514
2244058,MIRANTÃO (CAPELINHA DAS FLORES),-22.2539,-44.495,978.0,77.91,1940-11-01,2019-07-26,True,SGB-CPRM,"ATLÂNTICO,TRECHO LESTE",2244,174.25388848510767,174.25388848510767,1.0,1.0,0.10295804195205742,0.8205916083904116
2244040,LÍDICE,-22.8322,-44.1989,554.0,44.42,1951-10-01,1996-03-01,False,ANA,"ATLÂNTICO,TRECHO LESTE",2244,177.87948531809184,177.87948531809184,1.0,1.0,0.10107161926285557,0.8202143238525712
2244099,UHE NILO PEÇANHA LÍDICE,-22.8356,-44.1936,588.0,65.79,1951-03-01,2016-12-12,True,LIGHT,"ATLÂNTICO,TRECHO LESTE",2244,178.34222960228024,178.34222960228024,1.0,1.0,0.10083581313018611,0.8201671626260373
2244043,RIALTO,-22.5814,-44.2681,,70.52,1951-07-01,2022-01-06,True,SGB-CPRM,"ATLÂNTICO,TRECHO LESTE",2244,178.4861350764998,178.4861350764998,1.0,1.0,0.10076270562823783,0.8201525411256476
2244104,SÍTIO DAS PALMEIRAS,-22.4467,-44.3042,390.0,61.42,1951-07-01,2012-12-01,False,LIGHT,"ATLÂNTICO,TRECHO LESTE",2244,180.80117817308766,180.80117817308766,1.0,1.0,0.09960100922694932,0.8199202018453899
2244038,PONTE DO SOUZA,-22.2706,-44.3917,950.0,80.92,1936-07-01,2021-04-08,True,SGB-CPRM,"ATLÂNTICO,TRECHO LESTE",2244,182.17621216395713,182.17621216395713,1.0,1.0,0.09892360622416237,0.8197847212448325
2244044,GLICÉRIO,-22.4742,-44.2289,390.0,51.32,1967-08-01,2018-11-26,True,SGB-CPRM,"ATLÂNTICO,TRECHO LESTE",2244,186.62290218898724,186.62290218898724,1.0,1.0,0.09679469114080605,0.8193589382281613
2244103,UHE NILO PEÇANHA RES. TOCOS BARRAMENTO,-22.7489,-44.1247,453.0,101.45,1915-07-01,2016-12-12,True,LIGHT,"ATLÂNTICO,TRECHO LESTE",2244,187.25464427697344,187.25464427697344,1.0,1.0,0.09649964694287942,0.8192999293885759
2244037,FUMAÇA,-22.2975,-44.3106,720.0,76.84,1941-10-01,2018-08-03,True,SGB-CPRM,"ATLÂNTICO,TRECHO LESTE",2244,187.82872609596765,187.82872609596765,1.0,1.0,0.0962330875798408,0.8192466175159682
2244106,BARRA MANSA (SE),-22.5414,-44.1781,390.0,61.08,1951-11-01,2012-12-01,False,LIGHT,"ATLÂNTICO,TRECHO LESTE",2244,188.69640995411913,188.69640995411913,1.0,1.0,0.09583298536087373,0.8191665970721748
2244042,UHE FUNIL JUSANTE 2,-22.5375,-44.1758,374.0,76.77,1940-04-01,2017-01-09,True,FURNAS,"ATLÂNTICO,TRECHO LESTE",2244,189.06946492389264,189.06946492389264,1.0,1.0,0.09566198491626016,0.819132396983252
2244097,UHE FONTES NOVA DESVIO VARZEA,-22.7722,-44.0911,498.0,102.03,1915-01-01,2017-01-11,True,LIGHT,"ATLÂNTICO,TRECHO LESTE",2244,190.04333035905367,190.04333035905367,1.0,1.0,0.09521844833545282,0.8190436896670906
2244036,ZELINDA,-22.2431,-44.2636,550.0,82.6,1935-11-01,2018-06-07,True,SGB-CPRM,"ATLÂNTICO,TRECHO LESTE",2244,195.04461047357833,195.04461047357833,1.0,1.0,0.09300395836917438,0.8186007916738349
2244101,VOLTA REDONDA (SE),-22.5128,-44.0942,390.0,61.42,1951-07-01,2012-12-01,False,LIGHT,"ATLÂNTICO,TRECHO LESTE",2244,197.88186947671815,197.88186947671815,1.0,1.0,0.09179286026888579,0.8183585720537772
2244098,FAZENDA LAPA,-22.8522,-43.9953,520.0,69.75,1943-03-01,2012-12-01,False,LIGHT,"ATLÂNTICO,TRECHO LESTE",2244,198.04052756379184,198.04052756379184,1.0,1.0,0.0917260668164024,0.8183452133632805
2244041,VOLTA REDONDA,-22.5011,-44.0919,360.0,81.5,1943-12-01,2025-06-01,False,SGB-CPRM,"ATLÂNTICO,TRECHO LESTE",2244,198.56127323295007,198.56127323295007,1.0,1.0,0.09150751962669672,0.8183015039253394
2244034,RIBEIRÃO DE SÃO JOAQUIM,-22.3036,-44.1869,620.0,76.59,1942-01-01,2018-08-03,True,SGB-CPRM,"ATLÂNTICO,TRECHO LESTE",2244,198.67215690298747,198.67215690298747,1.0,1.0,0.09146111824777434,0.8182922236495549
2244107,UEL VIGÁRIO PASSO TRÊS,-22.6925,-44.0069,450.0,65.83,1951-03-01,2016-12-29,True,LIGHT,"ATLÂNTICO,TRECHO LESTE",2244,200.48117715153597,200.48117715153597,1.0,1.0,0.09071069130882799,0.8181421382617656
2244045,NOSSA SENHORA DO AMPARO,-22.3856,-44.1075,400.0,51.01,1967-08-01,2018-08-03,True,SGB-CPRM,"ATLÂNTICO,TRECHO LESTE",2244,202.011915736146,202.011915736146,1.0,1.0,0.0900852548102389,0.8180170509620478
2244093,PINHEIRAL,-22.5167,-44.0,385.0,66.92,1911-01-01,1977-12-01,False,INMET,"ATLÂNTICO,TRECHO LESTE",2244,206.82958073087042,206.82958073087042,1.0,1.0,0.08817192156136669,0.8176343843122734
2245125,GURATINGUETA,-22.8089,-45.1875,530.0,38.25,1949-03-01,1987-06-01,False,LIGHT,"ATLÂNTICO,TRECHO LESTE",2245,81.62296879340778,81.62296879340778,0.95625,1.0,0.196805901632913,0.8174861803265826
2244033,SANTA ISABEL DO RIO PRETO,-22.2311,-44.0647,544.0,77.25,1942-01-01,2019-07-26,True,SGB-CPRM,"ATLÂNTICO,TRECHO LESTE",2244,213.55728228499032,213.55728228499032,1.0,1.0,0.08563209763502763,0.8171264195270056
2244035,SANTA RITA DO JACUTINGA,-22.1506,-44.09,530.0,83.07,1935-11-01,2018-11-26,True,SGB-CPRM,"ATLÂNTICO,TRECHO LESTE",2244,215.66477374350023,215.66477374350023,1.0,1.0,0.08486631108376083,0.8169732622167523
2244023,CAMPOS DA BOCAINA,-22.7167,-44.5333,1473.0,39.25,1914-01-01,1953-04-01,False,INMET,"ATLÂNTICO,TRECHO LESTE",2244,147.8408883087611,147.8408883087611,0.98125,1.0,0.11916047514719944,0.8144570950294397
2245034,GUARATINGUETÁ,-22.8,-45.1667,560.0,37.75,1928-01-01,1965-10-01,False,SPÁGUAS-SP,"ATLÂNTICO,TRECHO LESTE",2245,83.97333772804235,83.97333772804235,0.94375,1.0,0.19235700648865348,0.8103464012977307
2345146,BAIRRO CAMPO GRANDE,-23.1,-45.6833,550.0,32.92,1939-05-01,1972-04-01,False,SPÁGUAS-SP,"ATLÂNTICO,TRECHO LESTE",2345,23.062425886522846,23.062425886522846,0.8230000000000001,1.0,0.4644420184943496,0.80438840369887
2345046,CEDRO,-23.55,-45.6,750.0,35.84,1969-09-01,2005-07-06,True,SPÁGUAS-SP,"ATLÂNTICO,TRECHO LESTE",2345,56.74671175345349,56.74671175345349,0.8960000000000001,1.0,0.26059748415345013,0.8001194968306901
2345031,LARANJAL,-23.3667,-45.3667,800.0,35.84,1969-09-01,2005-07-06,True,SPÁGUAS-SP,"ATLÂNTICO,TRECHO LESTE",2345,61.42934060644037,61.42934060644037,0.8960000000000001,1.0,0.2456117150286511,0.7971223430057303
2244091,ALTO DO ITATIAIA,-22.4167,-44.8333,2199.0,37.58,1914-01-01,1951-08-01,False,INMET,"ATLÂNTICO,TRECHO LESTE",2244,135.35413521682702,135.35413521682702,0.9395,1.0,0.1287381244927024,0.7954976248985404
2345172,ALEGRE,-23.5333,-45.6833,970.0,34.93,1970-08-01,2005-07-06,True,SPÁGUAS-SP,"ATLÂNTICO,TRECHO LESTE",2345,50.86164305091505,50.86164305091505,0.87325,1.0,0.2822401392193197,0.7930730278438639
2344016,VILA MAMBUCABA,-23.0258,-44.5181,,37.24,1982-02-01,2019-07-26,True,SGB-CPRM,"ATLÂNTICO,TRECHO LESTE",2344,142.52712723781408,142.52712723781408,0.931,1.0,0.12305638043263671,0.7901112760865274
2244046,PEDRA SELADA,-22.3333,-44.4,,37.58,1941-11-01,1979-06-01,False,ANA,"ATLÂNTICO,TRECHO LESTE",2244,177.86976123479994,177.86976123479994,0.9395,1.0,0.10107658631208041,0.789965317262416
2345017,SÃO LUÍS DO PARAITINGA,-23.2333,-45.3,740.0,35.2,1971-04-01,2006-06-12,True,SPÁGUAS-SP,"ATLÂNTICO,TRECHO LESTE",2345,63.23135959994075,63.23135959994075,0.8800000000000001,1.0,0.24029404416955163,0.7880588088339103
2345147,ANTIGA CARBONIFERA,-23.1833,-45.7,680.0,31.42,1940-03-01,1971-08-01,False,SPÁGUAS-SP,"ATLÂNTICO,TRECHO LESTE",2345,22.16331026166804,22.16331026166804,0.7855000000000001,1.0,0.47434605764772253,0.7876192115295445
2345005,CAPIVARA,-23.0667,-45.0667,800.0,35.93,1969-08-01,2005-07-06,True,SPÁGUAS-SP,"ATLÂNTICO,TRECHO LESTE",2345,86.21022469239004,86.21022469239004,0.89825,1.0,0.18830578748820778,0.7867861574976416
2244024,AREIAS,-22.5833,-44.7,530.0,36.78,1969-09-01,2006-06-12,True,SPÁGUAS-SP,"ATLÂNTICO,TRECHO LESTE",2244,137.5675700307531,137.5675700307531,0.9195,1.0,0.12692967211524883,0.7851359344230497
2245158,EMBAU,-22.6,-45.0333,520.0,36.26,1969-04-01,2005-07-06,True,SPÁGUAS-SP,"ATLÂNTICO,TRECHO LESTE",2245,106.8702337239549,106.8702337239549,0.9065,1.0,0.15764139004832398,0.7847782780096648
2344012,BAIRRO PARAIBUNA,-23.1833,-44.9833,1120.0,35.93,1969-08-01,2005-07-06,True,SPÁGUAS-SP,"ATLÂNTICO,TRECHO LESTE",2344,94.68243392432203,94.68243392432203,0.89825,1.0,0.17439462449147033,0.7840039248982941
2345133,CAÇAPAVA (SE),-23.1044,-45.71,560.0,30.75,1928-01-01,1958-10-01,False,LIGHT,"ATLÂNTICO,TRECHO LESTE",2345,20.293285405521846,20.293285405521846,0.76875,1.0,0.49636061687983307,0.7836471233759665
2245157,BREJETUBA,-22.55,-45.05,660.0,36.18,1969-05-01,2005-07-06,True,SPÁGUAS-SP,"ATLÂNTICO,TRECHO LESTE",2245,108.62895739932446,108.62895739932446,0.9045,1.0,0.15548598390571294,0.7833471967811425
2344003,SERTÃO DO RIO MANSO,-23.1167,-44.85,1460.0,35.93,1969-08-01,2005-07-06,True,SPÁGUAS-SP,"ATLÂNTICO,TRECHO LESTE",2344,108.11677282295152,108.11677282295152,0.89825,1.0,0.15610758497358196,0.7803465169947165
2244012,USINA BOCAINA,-22.7333,-44.9167,560.0,35.93,1969-08-01,2005-07-05,True,SPÁGUAS-SP,"ATLÂNTICO,TRECHO LESTE",2244,110.37845232581908,110.37845232581908,0.89825,1.0,0.15339958132053516,0.7798049162641071
2244013,XADREZ,-22.8167,-44.8667,1090.0,35.93,1969-08-01,2005-07-05,True,SPÁGUAS-SP,"ATLÂNTICO,TRECHO LESTE",2244,111.89383064700598,111.89383064700598,0.89825,1.0,0.1516371152607357,0.7794524230521471
2345086,PARAIBUNA (ALFERES),-23.3833,-45.65,649.0,32.84,1939-07-01,1972-05-01,False,INMET,"ATLÂNTICO,TRECHO LESTE",2345,38.952309350506546,38.952309350506546,0.8210000000000001,1.0,0.3392572779649412,0.7783514555929882
2245150,PINDAMONHANGABA (EMSA),-22.9667,-45.45,520.0,33.66,1937-07-01,1971-03-01,False,SPÁGUAS-SP,"ATLÂNTICO,TRECHO LESTE",2245,49.971325884641644,49.971325884641644,0.8414999999999999,1.0,0.2858313708814528,0.7779162741762906
2244014,CAPETINGA,-22.85,-44.7833,1060.0,35.93,1969-08-01,2005-07-05,True,SPÁGUAS-SP,"ATLÂNTICO,TRECHO LESTE",2244,119.03365313484314,119.03365313484314,0.89825,1.0,0.14385006470773523,0.7778950129415471
2244007,SILVEIRAS,-22.6667,-44.85,620.0,35.93,1969-08-01,2005-07-05,True,SPÁGUAS-SP,"ATLÂNTICO,TRECHO LESTE",2244,119.67035049812215,119.67035049812215,0.89825,1.0,0.1431943138158653,0.7777638627631731
2245139,CACHOEIRA PAULISTA,-22.6683,-45.0,560.0,35.67,1928-07-01,1964-03-01,False,LIGHT,"ATLÂNTICO,TRECHO LESTE",2245,105.88216067113888,105.88216067113888,0.89175,1.0,0.1588787473409282,0.7776507494681857
2345122,RIO PARDO,-23.5656,-45.5433,690.0,34.25,1929-12-01,1964-03-01,False,LIGHT,"ATLÂNTICO,TRECHO LESTE",2345,61.51216848979833,61.51216848979833,0.85625,1.0,0.24536213881370492,0.7771974277627409
2245142,ROSEIRA,-22.9,-45.3,540.0,34.25,1937-05-01,1971-08-01,False,SPÁGUAS-SP,"ATLÂNTICO,TRECHO LESTE",2245,66.97925020429905,66.97925020429905,0.85625,1.0,0.22993989891869035,0.7741129797837379
2345077,TAUBATÉ,-23.0167,-45.55,583.0,32.41,1910-01-01,1942-06-01,True,INMET,"ATLÂNTICO,TRECHO LESTE",2345,38.46494793955466,38.46494793955466,0.8102499999999999,1.0,0.3420853127360596,0.7735420625472119
2245050,SÃO FRANCISCO XAVIER,-22.9167,-45.9667,730.0,30.51,1939-05-01,2005-07-06,True,SPÁGUAS-SP,"ATLÂNTICO,TRECHO LESTE",2245,23.91672325703761,23.91672325703761,0.76275,1.0,0.45540738280821125,0.7724564765616423
2244009,ARAPEI,-22.6667,-44.45,520.0,35.76,1969-10-01,2005-07-05,True,SPÁGUAS-SP,"ATLÂNTICO,TRECHO LESTE",2244,157.7150822592455,157.7150822592455,0.8939999999999999,1.0,0.11253968850446015,0.7695079377008919
2244025,FAZENDA SANTA ISABEL,-22.7667,-44.7,1580.0,35.35,1970-03-01,2005-07-05,True,SPÁGUAS-SP,"ATLÂNTICO,TRECHO LESTE",2244,129.86439399306826,129.86439399306826,0.88375,1.0,0.1334539810765529,0.7685657962153106
2345138,SALESÓPOLIS,-23.5167,-45.9167,780.0,32.17,1927-10-01,1959-12-01,False,EMAE,"ATLÂNTICO,TRECHO LESTE",2345,43.599264216502334,43.599264216502334,0.80425,1.0,0.3144690468731952,0.7650188093746391
2345026,ITAPEVA (DER),-23.3,-45.9667,570.0,29.16,1943-01-01,1972-03-01,False,SPÁGUAS-SP,"ATLÂNTICO,TRECHO LESTE",2345,20.418872028030766,20.418872028030766,0.729,1.0,0.4948183607432158,0.7634636721486432
2345124,BAIRRO ALTO,-23.4719,-45.2681,700.0,33.25,1927-10-01,1961-01-01,False,LIGHT,"ATLÂNTICO,TRECHO LESTE",2345,75.83299755463925,75.83299755463925,0.83125,1.0,0.20869638339964255,0.7573642766799284
2345150,CAÇAPAVA (DER),-23.1,-45.7,560.0,28.83,1942-10-01,1971-08-01,False,SPÁGUAS-SP,"ATLÂNTICO,TRECHO LESTE",2345,21.36763633166316,21.36763633166316,0.72075,1.0,0.4834697307733732,0.7570689461546746
2245145,FAZENDA VITÓRIA,-22.8333,-45.1667,540.0,33.42,1938-03-01,1971-08-01,False,SPÁGUAS-SP,"ATLÂNTICO,TRECHO LESTE",2245,82.44053407187954,82.44053407187954,0.8355,1.0,0.19523521798477333,0.7567970435969547
2345093,BAIRRO ALTO,-23.4667,-45.3,705.0,33.0,1923-01-01,1956-01-01,False,INMET,"ATLÂNTICO,TRECHO LESTE",2345,72.74486423753348,72.74486423753348,0.825,1.0,0.21564536391769365,0.7556290727835386
2245127,MONTEIRO LOBATO,-22.9581,-45.8394,670.0,28.33,1965-04-01,1993-08-01,False,LIGHT,"ATLÂNTICO,TRECHO LESTE",2245,19.781539588374507,19.781539588374507,0.7082499999999999,1.0,0.5027457510931695,0.7546741502186338
2244151,ROSÁRIO,-22.7908,-44.0486,470.0,34.83,1915-01-01,1949-11-01,False,LIGHT,"ATLÂNTICO,TRECHO LESTE",2244,193.88408774813325,193.88408774813325,0.8707499999999999,1.0,0.09350859248375552,0.754076718496751
2244134,ROSÁRIO (PORTAL),-22.7908,-44.0486,470.0,34.83,1915-01-01,1949-11-01,False,LIGHT,"ATLÂNTICO,TRECHO LESTE",2244,193.88408774813325,193.88408774813325,0.8707499999999999,1.0,0.09350859248375552,0.754076718496751
2245165,FAZENDINHA,-22.9833,-45.1833,960.0,32.93,1972-08-01,2005-07-06,True,SPÁGUAS-SP,"ATLÂNTICO,TRECHO LESTE",2245,75.7159340723987,75.7159340723987,0.82325,1.0,0.20895162538843504,0.7534153250776869
2245053,BONFIM,-22.95,-45.25,690.0,32.58,1957-08-01,2005-07-06,True,SPÁGUAS-SP,"ATLÂNTICO,TRECHO LESTE",2245,69.99886052825933,69.99886052825933,0.8145,1.0,0.22222503576831476,0.7516950071536629
2245051,PINDAMONHANGABA (DA),-22.9333,-45.4667,550.0,31.5,1938-01-01,1969-07-01,False,SPÁGUAS-SP,"ATLÂNTICO,TRECHO LESTE",2245,49.84949790817059,49.84949790817059,0.7875,1.0,0.28632990356342297,0.7510159807126846
2345175,BRIET,-23.3667,-45.2,815.0,32.76,1972-10-01,2005-07-06,True,SPÁGUAS-SP,"ATLÂNTICO,TRECHO LESTE",2345,77.10152963049202,77.10152963049202,0.819,1.0,0.20596997880576703,0.7506939957611535
2245166,PILÕES,-22.65,-45.3,880.0,32.84,1972-09-01,2005-07-06,True,SPÁGUAS-SP,"ATLÂNTICO,TRECHO LESTE",2245,81.57966383238053,81.57966383238053,0.8210000000000001,1.0,0.1968898029924825,0.7498779605984965
2245164,PARAITINGA,-22.9997,-45.05,790.0,32.93,1972-08-01,2005-07-06,True,SPÁGUAS-SP,"ATLÂNTICO,TRECHO LESTE",2245,88.79322292186095,88.79322292186095,0.82325,1.0,0.18383498036789198,0.7483919960735783
2345174,FERRAZ,-23.1667,-45.1,880.0,32.68,1972-11-01,2005-07-06,True,SPÁGUAS-SP,"ATLÂNTICO,TRECHO LESTE",2345,82.66392036701279,82.66392036701279,0.817,1.0,0.19481040591964624,0.7474620811839292
2244026,VARGEM DO TANQUE,-22.9333,-44.9167,880.0,32.84,1972-09-01,2005-07-05,True,SPÁGUAS-SP,"ATLÂNTICO,TRECHO LESTE",2244,103.571435083625,103.571435083625,0.8210000000000001,1.0,0.16184970245320301,0.7428699404906406
2345045,BAIRRO DA CAPOEIRINHA (DER),-23.55,-45.4667,700.0,31.5,1943-03-01,1974-09-01,False,SPÁGUAS-SP,"ATLÂNTICO,TRECHO LESTE",2345,65.26197100519292,65.26197100519292,0.7875,1.0,0.23457116653779783,0.7406642333075596
2245168,FAZENDA CERRO ALTO,-22.8,-45.0,780.0,32.1,1973-06-01,2005-07-06,True,SPÁGUAS-SP,"ATLÂNTICO,TRECHO LESTE",2245,99.65311108745101,99.65311108745101,0.8025,1.0,0.16714985359120813,0.7346799707182415
2245033,GUARATINGUETÁ (DA),-22.8,-45.1833,530.0,31.5,1938-01-01,1969-07-01,False,SPÁGUAS-SP,"ATLÂNTICO,TRECHO LESTE",2245,82.44212365708772,82.44212365708772,0.7875,1.0,0.19523218853747618,0.7327964377074953
2244149,BRACUI,-22.9361,-44.3917,26.0,32.77,1989-04-01,2022-01-06,True,SGB-CPRM,"ATLÂNTICO,TRECHO LESTE",2244,156.49568482579917,156.49568482579917,0.81925,1.0,0.11331721803702995,0.732288443607406
2345153,PARAIBUNA (DER),-23.3667,-45.6833,620.0,28.33,1943-03-01,1971-07-01,False,SPÁGUAS-SP,"ATLÂNTICO,TRECHO LESTE",2345,35.31844431292491,35.31844431292491,0.7082499999999999,1.0,0.3615430666644233,0.7264336133328846
2245134,GUARATINGUETÁ,-22.8119,-45.1789,530.0,30.67,1928-01-01,1958-09-01,False,LIGHT,"ATLÂNTICO,TRECHO LESTE",2245,82.27634156457195,82.27634156457195,0.76675,1.0,0.19554864491680163,0.7224847289833604
2345037,SANTA BRANCA,-23.4,-45.8833,670.0,27.33,1942-06-01,2005-07-06,True,SPÁGUAS-SP,"ATLÂNTICO,TRECHO LESTE",2345,30.709214942761392,30.709214942761392,0.6832499999999999,1.0,0.3944056326364987,0.7205061265272996
2345092,SANTA BRANCA,-23.45,-45.8667,700.0,27.83,1922-11-01,1950-09-01,False,INMET,"ATLÂNTICO,TRECHO LESTE",2345,36.40751244633264,36.40751244633264,0.69575,1.0,0.35456270153782166,0.7187875403075643
2244102,QUELUZ,-22.5425,-44.7753,520.0,31.33,1962-04-01,1993-08-01,False,LIGHT,"ATLÂNTICO,TRECHO LESTE",2244,132.83984170480434,132.83984170480434,0.78325,1.0,0.1308559324382716,0.7177961864876543
2245143,CACHOEIRA PAULISTA,-22.6667,-45.0167,520.0,30.83,1940-01-01,1970-11-01,False,SPÁGUAS-SP,"ATLÂNTICO,TRECHO LESTE",2245,104.47112437886499,104.47112437886499,0.7707499999999999,1.0,0.1606798371895801,0.717510967437916
2345151,TAUBATÉ (DER),-23.05,-45.55,580.0,27.83,1942-11-01,1970-09-01,False,SPÁGUAS-SP,"ATLÂNTICO,TRECHO LESTE",2345,37.46996552458378,37.46996552458378,0.69575,1.0,0.3480078649332868,0.7174765729866573
2345061,SÃO LUÍS DO PARAITINGA (DA),-23.2333,-45.3,785.0,29.5,1940-01-01,1969-07-01,False,SPÁGUAS-SP,"ATLÂNTICO,TRECHO LESTE",2345,63.23135959994075,63.23135959994075,0.7375,1.0,0.24029404416955163,0.7168088088339103
2245186,MATO DENTRO,-22.9167,-45.65,680.0,27.18,1978-05-01,2005-07-06,True,SPÁGUAS-SP,"ATLÂNTICO,TRECHO LESTE",2245,35.03952252859097,35.03952252859097,0.6795,1.0,0.3633752452996072,0.7124250490599214
2245016,PILÕES (DA),-22.7,-45.15,611.0,29.92,1940-01-01,1969-12-01,False,SPÁGUAS-SP,"ATLÂNTICO,TRECHO LESTE",2245,90.80039002867103,90.80039002867103,0.748,1.0,0.18050477976498766,0.7101009559529975
2345149,PONTE ALTA (DA),-23.3167,-45.1333,,29.5,1940-01-01,1969-07-01,True,SPÁGUAS-SP,"ATLÂNTICO,TRECHO LESTE",2345,81.91386250260675,81.91386250260675,0.7375,1.0,0.19624415667189968,0.7079988313343799
2345132,SÃO JOSÉ DOS CAMPOS - SE,-23.1847,-45.9278,590.0,20.59,1938-03-01,1958-10-01,False,LIGHT,"ATLÂNTICO,TRECHO LESTE",2345,6.996235226354088,6.996235226354088,0.51475,1.0,0.7408440411156194,0.7055438082231238
2345139,NATIVIDADE DA SERRA,-23.3914,-45.4753,680.0,27.92,1927-10-01,1955-09-01,False,LIGHT,"ATLÂNTICO,TRECHO LESTE",2345,53.162428584735565,53.162428584735565,0.6980000000000001,1.0,0.2733643536290805,0.7036728707258161
2245056,ESTRADA DE CUNHA (DA),-22.9833,-45.05,800.0,29.33,1940-01-01,1969-05-01,True,SPÁGUAS-SP,"ATLÂNTICO,TRECHO LESTE",2245,89.10214148208269,89.10214148208269,0.73325,1.0,0.1833144586193526,0.7032878917238705
2345027,JACAREÍ (ESCOLA AGRICOLA),-23.3,-45.9667,570.0,23.92,1948-06-01,1972-05-01,False,SPÁGUAS-SP,"ATLÂNTICO,TRECHO LESTE",2345,20.418872028030766,20.418872028030766,0.5980000000000001,1.0,0.4948183607432158,0.6979636721486431
2345194,ESTRADA DE PARAIBUNA,-23.4,-45.6833,,26.0,1930-09-01,1956-09-01,False,ANA,"ATLÂNTICO,TRECHO LESTE",2345,38.213228242883204,38.213228242883204,0.65,1.0,0.3435645231106914,0.6937129046221383
2345203,UHE SANTA BRANCA JACAREÍ,-23.3106,-45.9711,557.0,23.66,2002-10-01,2026-05-29,True,LIGHT,"ATLÂNTICO,TRECHO LESTE",2345,21.678030529182518,21.678030529182518,0.5915,1.0,0.4798691239979828,0.6917238247995966
2244021,SÃO JOSÉ DO BARREIRO,-22.6667,-44.5833,509.0,29.33,1920-06-01,1949-10-01,False,INMET,"ATLÂNTICO,TRECHO LESTE",2244,144.85933561044635,144.85933561044635,0.73325,1.0,0.12131554410275504,0.6908881088205511
2244148,IBICUÍ,-22.9614,-44.0306,50.0,29.34,1989-04-01,2018-08-03,True,SGB-CPRM,"ATLÂNTICO,TRECHO LESTE",2244,192.8744606157703,192.8744606157703,0.7335,1.0,0.09395208773352659,0.6855404175467052
2244079,SERRA DA PEDRA SELADA,-22.3167,-44.4333,,29.0,1942-01-01,1971-01-01,False,ANA,"ATLÂNTICO,TRECHO LESTE",2244,175.8537335613819,175.8537335613819,0.725,1.0,0.10211702190365375,0.6829234043807307
2244066,ITABOCA,-22.05,-44.0833,920.0,28.67,1942-12-01,1971-08-01,False,ANA,"ATLÂNTICO,TRECHO LESTE",2244,222.13056634621822,222.13056634621822,0.71675,1.0,0.08260006285783164,0.6748950125715663
2345068,PONTE DOS MINEIROS,-23.3333,-45.4667,698.0,23.92,1951-01-01,1974-12-01,False,ANA,"ATLÂNTICO,TRECHO LESTE",2345,50.635838763927076,50.635838763927076,0.5980000000000001,1.0,0.283142387065612,0.6556284774131224
2244085,VOLTA REDONDA,-22.4833,-44.0833,418.0,26.75,1941-04-01,1968-01-01,False,INMET,"ATLÂNTICO,TRECHO LESTE",2244,200.09574115724934,200.09574115724934,0.66875,1.0,0.09086954565700035,0.6525489091314
2244017,BARREIRINHA,-22.45,-44.8333,757.0,26.08,1952-09-01,1978-10-01,False,INMET,"ATLÂNTICO,TRECHO LESTE",2244,133.22350457706372,133.22350457706372,0.6519999999999999,1.0,0.13052827668447567,0.652105655336895
2345144,SÃO JOSÉ DOS CAMPOS,-23.2167,-45.85,,18.0,1940-01-01,1958-01-01,False,INMET,"ATLÂNTICO,TRECHO LESTE",2345,11.783159867768456,11.783159867768456,0.45,1.0,0.6292640531403598,0.650852810628072
2345131,SANTA BRANCA,-23.3989,-45.9281,690.0,21.49,1937-01-01,1958-07-01,False,LIGHT,"ATLÂNTICO,TRECHO LESTE",2345,30.564353886062765,30.564353886062765,0.53725,1.0,0.3955355593995372,0.6477321118799074
2244144,PARQUE NACIONAL DE ITATIAIA,-22.45,-44.6,,23.95,1984-01-01,2007-12-13,True,FURNAS,"ATLÂNTICO,TRECHO LESTE",2244,153.5789996783537,153.5789996783537,0.59875,1.0,0.11522131154725229,0.6224192623094504
2244157,PCH PAES LEME BARRAMENTO,-22.1806,-44.2778,1018.0,24.2,2001-03-01,2025-05-14,True,GESM,"ATLÂNTICO,TRECHO LESTE",2244,197.42516939258488,197.42516939258488,0.605,1.0,0.09198567054528917,0.6208971341090579
2344019,VILA PEREQUE,-23.0047,-44.5364,30.0,23.67,1994-12-01,2018-08-03,True,SGB-CPRM,"ATLÂNTICO,TRECHO LESTE",2344,140.87453193265947,140.87453193265947,0.59175,1.0,0.12432048603175926,0.6207390972063518
2345021,CATUCABA,-23.25,-45.2,830.0,22.0,1947-11-01,2006-06-09,True,SPÁGUAS-SP,"ATLÂNTICO,TRECHO LESTE",2345,73.61544380729484,73.61544380729484,0.55,1.0,0.21363996352107803,0.6177279927042155
2244136,BOCAINA,-22.8,-44.4666666666667,1180.0,23.27,1982-04-01,2005-07-07,True,SPÁGUAS-SP,"ATLÂNTICO,TRECHO LESTE",2244,151.8418615548313,151.8418615548313,0.58175,1.0,0.11638607623916132,0.6141522152478323
2244153,SANTANA DO BONSUCESSO,-22.6733,-44.1986,,23.09,1995-09-01,2018-10-05,True,FURNAS,"ATLÂNTICO,TRECHO LESTE",2244,182.06916551773566,182.06916551773566,0.57725,1.0,0.09897601125216997,0.6084202022504339
2344017,ILHA GUAIBA,-23.0166666666667,-44.0333333333333,64.0,23.0,1971-12-01,1994-12-01,False,INMET,"ATLÂNTICO,TRECHO LESTE",2344,192.07484862766074,192.07484862766074,0.575,1.0,0.09430632689081367,0.6063612653781626
2245191,SE CACHOEIRA PAULISTA,-22.6333,-45.0333,,21.35,1984-01-01,2005-05-09,True,FURNAS,"ATLÂNTICO,TRECHO LESTE",2245,104.88532069601922,104.88532069601922,0.5337500000000001,1.0,0.1601469243025094,0.5989043848605019
2345128,BOM JESUS,-23.3586,-45.9719,590.0,17.0,1941-07-01,1958-07-01,False,LIGHT,"ATLÂNTICO,TRECHO LESTE",2345,26.83546388246773,26.83546388246773,0.425,1.0,0.42702683697527655,0.5979053673950553
2244137,FAZENDA VARGEM GRANDE,-22.7,-44.6833,650.0,21.26,1984-04-01,2005-07-06,True,SPÁGUAS-SP,"ATLÂNTICO,TRECHO LESTE",2244,133.95387502438544,133.95387502438544,0.5315000000000001,1.0,0.12990903929395808,0.5917318078587916
2345204,JACAREÍ,-23.3103,-45.9681,,15.6,2006-06-01,2022-01-06,True,SGB-CPRM,"ATLÂNTICO,TRECHO LESTE",2345,21.55572601672651,21.55572601672651,0.39,1.0,0.48128144824012564,0.5912562896480251
2345160,FAZENDA BOCAINA,-23.15,-45.5167,700.0,17.49,1954-02-01,1971-08-01,False,SPÁGUAS-SP,"ATLÂNTICO,TRECHO LESTE",2345,40.02804906022252,40.02804906022252,0.43724999999999997,1.0,0.33317757803414877,0.5852605156068298
2244138,PINHEIROS,-22.5333,-44.8833,540.0,20.35,1985-03-01,2005-07-06,True,SPÁGUAS-SP,"ATLÂNTICO,TRECHO LESTE",2244,123.83648023606247,123.83648023606247,0.50875,1.0,0.1390467840090099,0.582184356801802
2245151,PIRAÇUAMA (EFCJ),-22.85,-45.5833,640.0,17.25,1936-04-01,1953-07-01,False,SPÁGUAS-SP,"ATLÂNTICO,TRECHO LESTE",2245,45.08145045403746,45.08145045403746,0.43125,1.0,0.30730722595257187,0.5770864451905143
2345085,JACAREÍ,-23.3,-45.95,562.0,13.66,1922-09-01,1936-05-01,False,INMET,"ATLÂNTICO,TRECHO LESTE",2345,19.97719759108768,19.97719759108768,0.3415,1.0,0.5002851926884115,0.5708070385376823
2244078,LÍDICE,-22.85,-44.2,554.0,20.0,1951-01-01,1971-01-01,False,ANA,"ATLÂNTICO,TRECHO LESTE",2244,177.40601310383872,177.40601310383872,0.5,1.0,0.10131403641427923,0.5702628072828559
2345165,BAIRRO DOS PUTINS,-23.2333,-45.85,570.0,11.5,1960-01-01,1971-07-01,False,SPÁGUAS-SP,"ATLÂNTICO,TRECHO LESTE",2345,13.416832295740758,13.416832295740758,0.2875,1.0,0.5985007741906512,0.5634501548381302
2345187,TREMEMBÉ,-23.9647,-45.5464,,18.0,1940-01-01,1958-01-01,False,SPÁGUAS-SP,"ATLÂNTICO,TRECHO LESTE",2345,100.38403287052867,100.38403287052867,0.45,1.0,0.1661349891933735,0.5582269978386747
2345186,CHACARA BEM QUERER,-23.2094,-45.8117,,11.0,1937-04-01,1948-04-01,False,SPÁGUAS-SP,"ATLÂNTICO,TRECHO LESTE",2345,13.565234695603497,13.565234695603497,0.275,1.0,0.5958546150913605,0.5566709230182721
2345003,FAZENDA CATAGUA,-23.0667,-45.55,590.0,14.92,1957-06-01,1972-05-01,False,SPÁGUAS-SP,"ATLÂNTICO,TRECHO LESTE",2345,37.10029697992093,37.10029697992093,0.373,1.0,0.3502608752986506,0.5565521750597301
2245185,EMBAU,-22.6231,-45.0,520.0,18.0,1940-07-01,1958-07-01,False,LIGHT,"ATLÂNTICO,TRECHO LESTE",2245,108.39413984231618,108.39413984231618,0.45,1.0,0.1557703492119069,0.5561540698423814
2245138,PINDAMONHANGABA,-22.9186,-45.4883,550.0,15.5,1940-07-01,1956-01-01,False,LIGHT,"ATLÂNTICO,TRECHO LESTE",2245,48.6109624394918,48.6109624394918,0.3875,1.0,0.29149860734919814,0.5520497214698397
2345202,REPETIDORA DE PARAIBUNA,-23.4178,-45.5858,740.0,15.12,2003-07-01,2018-08-13,True,LIGHT,"ATLÂNTICO,TRECHO LESTE",2345,46.26053061103342,46.26053061103342,0.378,1.0,0.3018388143826558,0.5493677628765311
2345014,BAIRRO BOM RETIRO,-23.1833,-45.4667,660.0,14.83,1960-10-01,1975-08-01,False,SPÁGUAS-SP,"ATLÂNTICO,TRECHO LESTE",2345,45.504967053395674,45.504967053395674,0.37075,1.0,0.305320358129441,0.5464390716258882
2345178,ALTO DA FAZENDA IPIRANGA,-23.2,-45.5167,1030.0,14.17,1962-10-01,1976-12-01,False,SPÁGUAS-SP,"ATLÂNTICO,TRECHO LESTE",2345,40.79022293746968,40.79022293746968,0.35425,1.0,0.32900027395149534,0.5429250547902991
2345119,BAIRRO ALFERES BENTO,-23.3842,-45.7461,615.0,13.42,1946-08-01,1960-01-01,False,LIGHT,"ATLÂNTICO,TRECHO LESTE",2345,33.218837030657454,33.218837030657454,0.3355,1.0,0.3758067841369536,0.5429113568273907
2345179,VICENTE CUNHA,-23.2333,-45.5,1120.0,14.17,1962-10-01,1976-12-01,False,SPÁGUAS-SP,"ATLÂNTICO,TRECHO LESTE",2345,43.34002262304785,43.34002262304785,0.35425,1.0,0.31575612340754833,0.5402762246815097
2244008,BANANAL,-22.6667,-44.4333,445.0,17.34,1937-10-01,1955-02-01,False,ANA,"ATLÂNTICO,TRECHO LESTE",2244,159.3350309181553,159.3350309181553,0.4335,1.0,0.11152310788140202,0.5390546215762805
2345013,SANTA LUZIA,-23.1333,-45.75,550.0,10.17,1959-09-01,2005-07-06,True,SPÁGUAS-SP,"ATLÂNTICO,TRECHO LESTE",2345,16.10330192432604,16.10330192432604,0.25425,1.0,0.5539659514224156,0.5379181902844831
2245017,FAZENDA SÃO JOSÉ,-22.7,-45.1333,560.0,15.83,1957-07-01,1973-05-01,False,SPÁGUAS-SP,"ATLÂNTICO,TRECHO LESTE",2245,92.26557862346488,92.26557862346488,0.39575,1.0,0.17814899495667638,0.5335047989913352
2244094,SÃO JOÃO MARCOS,-22.8166666666667,-44.0166666666667,420.0,17.17,1925-10-01,1942-12-01,False,INMET,"ATLÂNTICO,TRECHO LESTE",2244,196.5543865457219,196.5543865457219,0.42925,1.0,0.0923555524273683,0.5330961104854737
2244159,CGH HENRIQUE PORTUGAL,-22.1664,-44.1169,585.0,17.0,2001-03-01,2018-03-01,False,CEI MINAS,"ATLÂNTICO,TRECHO LESTE",2244,212.38622133513502,212.38622133513502,0.425,1.0,0.08606362238300293,0.5297127244766006
2245154,BAIRRO MALACACHETA,-22.9997,-45.4167,720.0,13.91,1957-09-01,1971-08-01,False,SPÁGUAS-SP,"ATLÂNTICO,TRECHO LESTE",2245,52.0715707518786,52.0715707518786,0.34775,1.0,0.27750193025283393,0.5293753860505668
2345130,CHÁCARA SANTA MARIA,-23.1078,-45.6953,590.0,10.67,1953-07-01,1964-03-01,False,LIGHT,"ATLÂNTICO,TRECHO LESTE",2345,21.751754493875406,21.751754493875406,0.26675,1.0,0.47902178584935423,0.5291793571698709
2345136,RIO COMPRIDO,-23.2617,-45.8378,580.0,9.5,1949-03-01,1958-09-01,False,LIGHT,"ATLÂNTICO,TRECHO LESTE",2345,16.804192120717758,16.804192120717758,0.2375,1.0,0.5434163568758688,0.5274332713751737
2245146,FAZENDA CERRO ALTO,-22.8167,-45.0,800.0,15.33,1957-01-01,1972-05-01,False,SPÁGUAS-SP,"ATLÂNTICO,TRECHO LESTE",2245,98.99008900669813,98.99008900669813,0.38325,1.0,0.1680812256462315,0.5252412451292463
2245044,FAZENDA SANTA MARIA,-22.9,-45.1333,600.0,14.75,1957-08-01,1972-05-01,False,SPÁGUAS-SP,"ATLÂNTICO,TRECHO LESTE",2245,83.05300753977153,83.05300753977153,0.36875,1.0,0.19407487930210426,0.5231899758604208
2244049,QUATIS,-22.3881,-44.1683,373.0,16.34,2002-04-01,2018-08-03,True,SGB-CPRM,"ATLÂNTICO,TRECHO LESTE",2244,196.21558702123275,196.21558702123275,0.4085,1.0,0.09250026917826219,0.5227500538356524
2245132,FAZENDA SALAMANCO,-22.7258,-45.0233,570.0,15.0,1949-03-01,1964-03-01,False,LIGHT,"ATLÂNTICO,TRECHO LESTE",2245,100.80482987214162,100.80482987214162,0.375,1.0,0.16555629457172993,0.520611258914346
2245212,UHE JAGUARI FAZENDA SANTANA,-22.9475,-45.9194,,9.59,2012-02-01,2021-09-03,True,FURNAS,"ATLÂNTICO,TRECHO LESTE",2245,19.743277164258643,19.743277164258643,0.23975,1.0,0.5032297643030332,0.5205209528606066
2244113,BARRA (LAJES),-22.7731,-43.9583,454.0,16.0,1946-01-01,1962-01-01,False,LIGHT,"ATLÂNTICO,TRECHO LESTE",2244,203.34809725970908,203.34809725970908,0.4,1.0,0.08954631915553778,0.5179092638311076
2244111,SANTA CABEÇA,-22.6556,-44.9289,660.0,15.0,1949-03-01,1964-03-01,False,LIGHT,"ATLÂNTICO,TRECHO LESTE",2244,112.9775096860562,112.9775096860562,0.375,1.0,0.15040137273752216,0.5175802745475044
2245040,BAIRRO DA BOA VISTA,-22.8333,-45.2,540.0,14.08,1957-07-01,1971-08-01,False,SPÁGUAS-SP,"ATLÂNTICO,TRECHO LESTE",2245,79.31724043051719,79.31724043051719,0.352,1.0,0.2013749064442854,0.5162749812888571
2245153,FAZENDA SANTO ANTÔNIO,-22.9,-45.1833,560.0,14.0,1957-08-01,1971-08-01,False,SPÁGUAS-SP,"ATLÂNTICO,TRECHO LESTE",2245,78.18793213840198,78.18793213840198,0.35,1.0,0.20369101950134522,0.515738203900269
2245149,BAIRRO CANINHAS,-22.7,-45.0333,540.0,14.17,1957-06-01,1971-08-01,False,SPÁGUAS-SP,"ATLÂNTICO,TRECHO LESTE",2245,101.2002981556077,101.2002981556077,0.35425,1.0,0.16501609570565764,0.5101282191411316
2345253,SÃO JOSÉ DOS CAMPOS_Buquirinha,-23.1111,-45.9131,563.0,1.84,2014-01-01,2015-11-04,True,CEMADEN,"ATLÂNTICO,TRECHO LESTE",2345,1.6281781157992548,1.6281781157992548,0.046,1.0,0.9247195900143859,0.5079439180028772
2345248,SÃO JOSÉ DOS CAMPOS_Jardim Santa Matilde,-23.14,-45.9031,570.0,1.84,2014-01-01,2015-11-04,True,CEMADEN,"ATLÂNTICO,TRECHO LESTE",2345,1.7521804795956697,1.7521804795956697,0.046,1.0,0.91944805343817,0.506889610687634
2244016,FAZENDA JARDIM,-22.75,-44.6833,1570.0,14.41,1938-10-01,1953-03-01,False,SPÁGUAS-SP,"ATLÂNTICO,TRECHO LESTE",2244,132.07446225686476,132.07446225686476,0.36025,1.0,0.13151452060516614,0.5064279041210332
2245195,TREMEMBÉ,-22.9597222222222,-45.5538888888889,,11.09,1998-08-01,2009-09-01,False,FURNAS,"ATLÂNTICO,TRECHO LESTE",2245,40.54007601794152,40.54007601794152,0.27725,1.0,0.33035967767983715,0.5046969355359674
2345011,VIVEIRO FLORESTAL,-23.1333,-45.5,600.0,10.92,1960-12-01,1971-11-01,False,SPÁGUAS-SP,"ATLÂNTICO,TRECHO LESTE",2345,41.65023242854513,41.65023242854513,0.273,1.0,0.3244107801731442,0.5013821560346289
2345251,SÃO JOSÉ DOS CAMPOS_Altos Vila Paiva,-23.1431,-45.92,619.0,1.84,2014-01-01,2015-11-04,True,CEMADEN,"ATLÂNTICO,TRECHO LESTE",2345,2.42881813177428,2.42881813177428,0.046,1.0,0.8917099368542544,0.5013419873708509
2244110,GRAMA,-22.5664,-44.7369,600.0,14.0,1949-03-01,1963-03-01,False,LIGHT,"ATLÂNTICO,TRECHO LESTE",2244,135.03823622485766,135.03823622485766,0.35,1.0,0.12900043555057777,0.5008000871101155
2244002,QUELUZ,-22.5333,-44.7667,500.0,13.83,1956-01-01,2012-11-08,True,SPÁGUAS-SP,"ATLÂNTICO,TRECHO LESTE",2244,134.1121961458124,134.1121961458124,0.34575,1.0,0.12977558233663164,0.49883011646732633
2345167,BAIRRO SAMAMBAIA,-23.1833,-45.55,810.0,10.25,1961-05-01,1971-08-01,False,SPÁGUAS-SP,"ATLÂNTICO,TRECHO LESTE",2345,37.09632701052648,37.09632701052648,0.25625,1.0,0.35028522931628736,0.49818204586325743
2244155,FAZENDA MATO QUIETO,-22.4936,-44.8667,,13.58,1992-12-01,2006-07-01,False,ANA,"ATLÂNTICO,TRECHO LESTE",2244,127.66665449236919,127.66665449236919,0.3395,1.0,0.1354401917531999,0.49683803835064
2245025,FAZENDA MONTE VERDE,-22.7167,-45.35,900.0,12.25,1957-08-01,2005-07-06,True,SPÁGUAS-SP,"ATLÂNTICO,TRECHO LESTE",2245,72.90213692033547,72.90213692033547,0.30625,1.0,0.21528030100265838,0.49618106020053165
2244160,UEL SANTA CECÍLIA VOLTA REDONDA,-22.5008,-44.0908,364.0,14.2,2002-10-01,2016-12-12,True,LIGHT,"ATLÂNTICO,TRECHO LESTE",2244,198.67875913832174,198.67875913832174,0.355,1.0,0.09145835690127235,0.49579167138025443
2345252,SÃO JOSÉ DOS CAMPOS_Freitas,-23.1089,-45.9331,568.0,1.84,2014-01-01,2015-11-04,True,CEMADEN,"ATLÂNTICO,TRECHO LESTE",2345,3.1784122599211675,3.1784122599211675,0.046,1.0,0.86287187300499,0.495574374600998
2244081,INGAIBA (FAZENDA BATATAL),-22.9333333333333,-44.0833333333333,,14.0,1947-01-01,1961-01-01,False,DNOS,"ATLÂNTICO,TRECHO LESTE",2244,187.85058903802872,187.85058903802872,0.35,1.0,0.09622296522017922,0.49424459304403584
2345078,TAUBATÉ (AGROPECUÁRIA),-23.0167,-45.5667,577.0,9.91,1961-01-01,1970-12-01,False,INMET,"ATLÂNTICO,TRECHO LESTE",2345,36.845766960060786,36.845766960060786,0.24775,1.0,0.35182918745826375,0.49424083749165276
2345168,BAIRRO RIBEIRÃO DAS ANTAS,-23.2,-45.5167,780.0,10.08,1961-06-01,1971-07-01,False,SPÁGUAS-SP,"ATLÂNTICO,TRECHO LESTE",2345,40.79022293746968,40.79022293746968,0.252,1.0,0.32900027395149534,0.4918000547902991
2245192,PIAGUI,-22.65,-45.3,680.0,12.18,1993-05-01,2005-07-06,True,SPÁGUAS-SP,"ATLÂNTICO,TRECHO LESTE",2245,81.57966383238053,81.57966383238053,0.3045,1.0,0.1968898029924825,0.4916279605984965
2345247,SÃO JOSÉ DOS CAMPOS_Jardim Altos de Santana,-23.1589,-45.9161,593.0,1.84,2014-01-01,2015-11-04,True,CEMADEN,"ATLÂNTICO,TRECHO LESTE",2345,3.9102356519502073,3.9102356519502073,0.046,1.0,0.8364618522013072,0.49029237044026147
2244122,FAZENDA FORTALEZA,-22.95,-44.55,,12.92,1959-09-01,1972-08-01,False,COHIDRO,"ATLÂNTICO,TRECHO LESTE",2244,140.2300111051399,140.2300111051399,0.323,1.0,0.12482056177900641,0.4864641123558013
2244029,LAJEADO FAZENDA DONA JOANINHA,-22.7167,-44.6167,1767.0,12.75,1967-01-01,1979-10-01,False,ANA,"ATLÂNTICO,TRECHO LESTE",2244,139.73622431884846,139.73622431884846,0.31875,1.0,0.1252064150463337,0.4844162830092667
2345250,SÃO JOSÉ DOS CAMPOS_Chacara Boa Vista,-23.0869,-45.9311,594.0,1.84,2014-01-01,2015-11-04,True,CEMADEN,"ATLÂNTICO,TRECHO LESTE",2345,4.862268285141518,4.862268285141518,0.046,1.0,0.8044318310229416,0.48388636620458836
2245111,LORENA,-22.7,-45.0833,526.0,11.75,1925-01-01,1936-10-01,False,INMET,"ATLÂNTICO,TRECHO LESTE",2245,96.70053580849695,96.70053580849695,0.29375,1.0,0.17137881896977378,0.48115076379395477
2244118,NOSSA SENHORA DO AMPARO,-22.3806,-44.1142,480.0,12.92,1951-04-01,1964-03-01,False,LIGHT,"ATLÂNTICO,TRECHO LESTE",2244,201.6151066957543,201.6151066957543,0.323,1.0,0.09024655538242313,0.47954931107648463
2244109,QUATIS,-22.4114,-44.2725,400.0,12.67,1951-07-01,1964-03-01,False,LIGHT,"ATLÂNTICO,TRECHO LESTE",2244,185.4242790624021,185.4242790624021,0.31675,1.0,0.0973594751861077,0.4778468950372215
2244120,RESENDE (ACAMPAMENTO),-22.5294,-44.5175,470.0,12.33,1951-11-01,1964-03-01,False,LIGHT,"ATLÂNTICO,TRECHO LESTE",2244,157.05480366588915,157.05480366588915,0.30825,1.0,0.11295937520984153,0.4767168750419683
2244152,FORMOSO,-22.6428,-44.5133,,12.28,1995-09-01,2007-12-13,True,FURNAS,"ATLÂNTICO,TRECHO LESTE",2244,152.51794321329496,152.51794321329496,0.307,1.0,0.11592997010909598,0.4766859940218192
2345123,BAIRRO DAS CANOAS,-23.4869,-45.5219,711.0,9.92,1947-11-01,1957-10-01,False,LIGHT,"ATLÂNTICO,TRECHO LESTE",2345,56.30539467060774,56.30539467060774,0.248,1.0,0.26210466620787753,0.47642093324157553
2245133,ÁGUA QUENTE,-22.9517,-45.4611,580.0,9.5,1949-03-01,1958-09-01,False,LIGHT,"ATLÂNTICO,TRECHO LESTE",2245,49.53564122085589,49.53564122085589,0.2375,1.0,0.2876222847572071,0.4762744569514414
2244121,PINHEIRAL,-22.515,-44.0011,360.0,12.67,1951-07-01,1964-03-01,False,LIGHT,"ATLÂNTICO,TRECHO LESTE",2244,206.78608252193843,206.78608252193843,0.31675,1.0,0.08818883318408781,0.4760127666368175
2245141,FAZENDA MORRO GRANDE,-22.8667,-45.65,1000.0,8.5,1969-09-01,1978-03-01,False,SPÁGUAS-SP,"ATLÂNTICO,TRECHO LESTE",2245,38.9373029495506,38.9373029495506,0.2125,1.0,0.33934365841476805,0.4741187316829536
2244161,UHE FUNIL RESENDE AEROPORTO,-22.4756,-44.4736,,12.18,2004-11-01,2017-01-05,True,FURNAS,"ATLÂNTICO,TRECHO LESTE",2244,163.7200338480377,163.7200338480377,0.3045,1.0,0.1088612906338936,0.47402225812677873
2244100,SÃO JOSÉ DO BARREIRO,-22.6442,-44.5811,520.0,11.94,1997-07-01,2009-06-10,True,FURNAS,"ATLÂNTICO,TRECHO LESTE",2244,145.97784840814114,145.97784840814114,0.2985,1.0,0.12049800736553594,0.4733496014731072
2244108,ARROZAL,-22.5711,-44.0206,374.0,12.33,1951-11-01,1964-03-01,False,LIGHT,"ATLÂNTICO,TRECHO LESTE",2244,202.88271509085212,202.88271509085212,0.30825,1.0,0.08973329309923175,0.47207165861984635
2345188,SANATÓRIO VICENTINA ARANHA,-23.2333,-45.85,,4.08,1939-06-01,1943-07-01,False,SPÁGUAS-SP,"ATLÂNTICO,TRECHO LESTE",2345,13.416832295740758,13.416832295740758,0.10200000000000001,1.0,0.5985007741906512,0.4707001548381302
2244117,RESENDE (SE),-22.4564,-44.4158,390.0,11.75,1951-07-01,1963-04-01,False,LIGHT,"ATLÂNTICO,TRECHO LESTE",2244,169.99020791573065,169.99020791573065,0.29375,1.0,0.1052685831517744,0.4679287166303549
2345120,OLARIA,-23.3333,-45.5667,659.0,8.16,1956-01-01,1964-03-01,False,LIGHT,"ATLÂNTICO,TRECHO LESTE",2345,41.81566158424613,41.81566158424613,0.20400000000000001,1.0,0.32354260210808855,0.46670852042161776
2345249,SÃO JOSÉ DOS CAMPOS_Jardim Juçara,-23.1869,-45.8689,591.0,1.84,2014-01-01,2015-11-04,True,CEMADEN,"ATLÂNTICO,TRECHO LESTE",2345,7.94784420391827,7.94784420391827,0.046,1.0,0.7156187022538222,0.46612374045076443
2244154,PEDRA SELADA,-22.3278,-44.3919,,11.62,1997-11-01,2009-06-15,True,FURNAS,"ATLÂNTICO,TRECHO LESTE",2244,178.89698873898286,178.89698873898286,0.2905,1.0,0.10055456408264915,0.4653609128165298
2244083,MANGARATIBA (FAZ. VITOR BREVES),-22.9333333333333,-44.0333333333333,,11.67,1949-05-01,1961-01-01,False,DNOS,"ATLÂNTICO,TRECHO LESTE",2244,192.93510098045098,192.93510098045098,0.29175,1.0,0.09392533174620256,0.4646600663492405
2245180,CHARCO,-22.6639,-45.3678,1750.0,9.58,1927-12-01,1937-07-01,False,LIGHT,"ATLÂNTICO,TRECHO LESTE",2245,75.3548447090529,75.3548447090529,0.2395,1.0,0.2097428826088919,0.46169857652177837
2244015,CAMPOS DE CUNHA,-22.9167,-44.8167,1020.0,9.83,1960-01-01,2007-04-03,True,SPÁGUAS-SP,"ATLÂNTICO,TRECHO LESTE",2244,113.97273812507335,113.97273812507335,0.24575,1.0,0.14928410272042464,0.45273182054408495
2244196,UHE NILO PEÇANHA RIO DO BRAÇO,-22.7847,-44.1878,517.0,10.61,2006-06-01,2017-01-11,True,LIGHT,"ATLÂNTICO,TRECHO LESTE",2244,180.06154943352038,180.06154943352038,0.26525,1.0,0.099969234751158,0.4526188469502316
2345177,JUCA VICENTE,-23.2167,-45.5167,900.0,6.75,1970-03-01,1976-12-01,False,SPÁGUAS-SP,"ATLÂNTICO,TRECHO LESTE",2345,41.20907932045817,41.20907932045817,0.16875,1.0,0.32674891081583896,0.4497247821631678
2345254,SÃO JOSÉ DOS CAMPOS_Residencial Flamboyant,-23.2161,-45.8519,609.0,1.84,2014-01-01,2015-11-04,True,CEMADEN,"ATLÂNTICO,TRECHO LESTE",2345,11.629648310141034,11.629648310141034,0.046,1.0,0.6323181277228315,0.4494636255445663
2345196,BAIRRO DO CARACOL,-23.4167,-45.6167,,6.67,1953-08-01,1960-04-01,False,ANA,"ATLÂNTICO,TRECHO LESTE",2345,43.98632624509339,43.98632624509339,0.16675,1.0,0.31256678064922727,0.44588835612984545
2345127,FAZENDA JOAQUIM ALVES,-23.4206,-45.5781,640.0,6.58,1956-01-01,1962-08-01,False,LIGHT,"ATLÂNTICO,TRECHO LESTE",2345,47.03900648034838,47.03900648034838,0.1645,1.0,0.2983337768566535,0.4419167553713307
2244050,FAZENDA SANTA TEREZINHA DO MONTE ALEGRE,-22.3833,-44.45,470.0,9.66,1936-07-01,1946-03-01,False,ANA,"ATLÂNTICO,TRECHO LESTE",2244,170.65447740473192,170.65447740473192,0.2415,1.0,0.10490181123595062,0.4417303622471901
2244126,BAIRRO DA USINA,-22.65,-44.5667,,9.08,1960-10-01,1969-11-01,False,SPÁGUAS-SP,"ATLÂNTICO,TRECHO LESTE",2244,147.1162886999644,147.1162886999644,0.227,1.0,0.11967714311743366,0.4374354286234867
2345246,SÃO JOSÉ DOS CAMPOS_Rio comprido,-23.2561,-45.9411,608.0,1.84,2014-01-01,2015-11-04,True,CEMADEN,"ATLÂNTICO,TRECHO LESTE",2345,15.016261621095351,15.016261621095351,0.046,1.0,0.5711631988707531,0.4372326397741506
2345129,FAZENDA BELVEDERE,-23.0056,-45.7831,980.0,2.58,1956-06-01,1959-01-01,False,LIGHT,"ATLÂNTICO,TRECHO LESTE",2345,18.34609204819608,18.34609204819608,0.0645,1.0,0.52156553462769,0.436563106925538
2345162,BAIRRO TABOÃO,-23.1,-45.4667,700.0,6.0,1957-05-01,1963-05-01,False,SPÁGUAS-SP,"ATLÂNTICO,TRECHO LESTE",2345,45.13365842812272,45.13365842812272,0.15,1.0,0.30706090342016795,0.4364121806840336
2244166,FAZENDA FORTALEZA,-22.9564,-44.5608,,8.84,2012-04-01,2021-02-01,False,INFOPER,"ATLÂNTICO,TRECHO LESTE",2244,139.03481857154566,139.03481857154566,0.221,1.0,0.12575862430403892,0.4356517248608078
2345255,SÃO JOSÉ DOS CAMPOS_Jardim São Leopoldo,-23.2439,-45.825,622.0,1.84,2014-01-01,2015-11-04,True,CEMADEN,"ATLÂNTICO,TRECHO LESTE",2345,15.69317623807186,15.69317623807186,0.046,1.0,0.5603311923433463,0.43506623846866926
2344021,ANGRA,-23.0011,-44.3156,,8.84,2011-05-01,2020-03-01,False,INFOPER,"ATLÂNTICO,TRECHO LESTE",2344,163.41130879905418,163.41130879905418,0.221,1.0,0.10904453019258503,0.43230890603851696
2345081,CUNHA,-23.1167,-45.1333,967.0,6.91,1961-01-01,1967-12-01,False,INMET,"ATLÂNTICO,TRECHO LESTE",2345,79.14690542553173,79.14690542553173,0.17275000000000001,1.0,0.20172086979579817,0.42671917395915965
2345210,PARQUE MOÇOTA,-23.0780555555556,-45.7111111111111,545.0,2.17,2005-08-01,2007-10-01,False,ANA,"ATLÂNTICO,TRECHO LESTE",2345,20.71549805981367,20.71549805981367,0.05425,1.0,0.49121344335807265,0.42536768867161456
2345190,JACAREÍ (DFPV),-23.3,-45.9667,,2.0,1940-03-01,1942-03-01,False,SPÁGUAS-SP,"ATLÂNTICO,TRECHO LESTE",2345,20.418872028030766,20.418872028030766,0.05,1.0,0.4948183607432158,0.42396367214864317
2244114,RIO DAS CANOAS,-22.7997,-45.1481,500.0,6.75,1951-04-01,1958-01-01,False,LIGHT,"ATLÂNTICO,TRECHO LESTE",2244,85.71071319481632,85.71071319481632,0.16875,1.0,0.18919558288422114,0.42221411657684427
2344018,CUNHA (EC),-23.0833,-44.9667,980.0,6.41,1974-01-01,2005-07-06,True,SPÁGUAS-SP,"ATLÂNTICO,TRECHO LESTE",2344,96.30104614449625,96.30104614449625,0.16025,1.0,0.17196749868570693,0.4145184997371414
2245038,FAZENDA TRÊS BARRAS,-22.85,-45.0667,640.0,6.25,1957-07-01,2005-07-06,True,SPÁGUAS-SP,"ATLÂNTICO,TRECHO LESTE",2245,91.29896857862956,91.29896857862956,0.15625,1.0,0.17969618456859793,0.4140642369137196
2345157,AGUATUBA,-23.3683,-45.7272,,3.0,1950-01-01,1953-01-01,False,SPÁGUAS-SP,"ATLÂNTICO,TRECHO LESTE",2345,32.7400450142745,32.7400450142745,0.075,1.0,0.3792184855850397,0.4133436971170079
2244132,BUGIO,-22.7311,-44.0289,470.0,7.5,1951-03-01,1958-09-01,False,LIGHT,"ATLÂNTICO,TRECHO LESTE",2244,197.2714320741914,197.2714320741914,0.1875,1.0,0.09205075793475981,0.41216015158695196
2244119,RIALTO,-22.5825,-44.2667,420.0,7.25,1951-04-01,1958-07-01,False,LIGHT,"ATLÂNTICO,TRECHO LESTE",2244,178.579157155493,178.579157155493,0.18125,1.0,0.1007155045196382,0.4107681009039276
2345169,BAIRRO DA ROSEIRA,-23.5667,-45.7167,1040.0,4.42,1969-09-01,1974-02-01,False,SPÁGUAS-SP,"ATLÂNTICO,TRECHO LESTE",2345,52.85628937151324,52.85628937151324,0.1105,1.0,0.27451301970671027,0.41015260394134206
2244130,ALTO DOS NEGROS,-22.6778,-44.1394,520.0,7.25,1951-04-01,1958-07-01,False,LIGHT,"ATLÂNTICO,TRECHO LESTE",2244,187.76954018761603,187.76954018761603,0.18125,1.0,0.09626050085079838,0.40987710017015966
2345215,CACAPAVA_Corpo de Bombeiros,-23.1728,-45.7514,594.0,0.0,2014-01-01,,True,CEMADEN,"ATLÂNTICO,TRECHO LESTE",2345,16.80331124200264,16.80331124200264,0.0,1.0,0.5434293634202819,0.4086858726840564
2244194,PCH LAVRINHAS BARRAMENTO,-22.5681,-44.8636,492.0,6.42,2016-07-01,2022-12-01,True,LAVRINHAS,"ATLÂNTICO,TRECHO LESTE",2244,123.5572186970945,123.5572186970945,0.1605,1.0,0.1393172714093881,0.4081134542818776
2345199,BAIRRO DOS REMÉDIOS,-23.05,-45.5,,3.25,1941-08-01,1944-11-01,False,ANA,"ATLÂNTICO,TRECHO LESTE",2345,42.47231018289134,42.47231018289134,0.08125,1.0,0.3201418347016275,0.4046533669403255
2245155,POLDER N. 1,-22.7167,-45.0833,520.0,5.58,1966-01-01,1971-08-01,False,SPÁGUAS-SP,"ATLÂNTICO,TRECHO LESTE",2245,95.80282027498978,95.80282027498978,0.1395,1.0,0.1727073654381408,0.4042914730876282
2345137,CAMPO ALEGRE,-23.0,-45.0461,830.0,5.16,1959-01-01,1964-03-01,False,LIGHT,"ATLÂNTICO,TRECHO LESTE",2345,89.18203728902189,89.18203728902189,0.129,1.0,0.18318031515620908,0.40113606303124183
2245238,MONTEIRO LOBATO_E.E. Profa. Maria F. Sonnewend,-22.9564,-45.8379,645.0,0.0,2014-01-01,,True,CEMADEN,"ATLÂNTICO,TRECHO LESTE",2245,20.012559491196875,20.012559491196875,0.0,1.0,0.49984305563857223,0.3999686111277144
2345213,UHE PARAIBUNA JUSANTE,-23.4144,-45.6081,,2.87,2011-12-01,2014-10-14,True,CESP,"ATLÂNTICO,TRECHO LESTE",2345,44.397961808678154,44.397961808678154,0.07175000000000001,1.0,0.3105688353836198,0.3979887670767239
2345275,TAUBATÉ_Policia Militar,-23.0381,-45.5725,591.0,1.84,2014-01-01,2015-11-04,True,CEMADEN,"ATLÂNTICO,TRECHO LESTE",2345,35.56611274739906,35.56611274739906,0.046,1.0,0.3599316023944137,0.39498632047888277
2345237,JACAREI_E E Dr. Pompílio Mercadante,-23.311,-45.9851,578.0,0.0,2014-01-01,,True,CEMADEN,"ATLÂNTICO,TRECHO LESTE",2345,22.1925339169235,22.1925339169235,0.0,1.0,0.4740175131311079,0.39480350262622155
2244115,QUELUZ,-22.5167,-44.75,,5.5,1975-01-01,1980-07-01,False,EMAE,"ATLÂNTICO,TRECHO LESTE",2244,136.517298166045,136.517298166045,0.1375,1.0,0.127781403297561,0.39430628065951223
2345243,REDENÇÃO DA SERRA_Escritorio Sabesp,-23.2836,-45.5333,793.0,1.86,2014-01-01,2015-11-11,True,CEMADEN,"ATLÂNTICO,TRECHO LESTE",2345,42.09980285542735,42.09980285542735,0.0465,1.0,0.3220622140550331,0.3876624428110066
2345238,JAMBEIRO_E.E. Cel Joaquim Franco de Almeida,-23.2544,-45.6932,689.0,0.0,2014-01-01,,True,CEMADEN,"ATLÂNTICO,TRECHO LESTE",2345,26.199838834649054,26.199838834649054,0.0,1.0,0.43290194304748003,0.386580388609496
2244165,PCH BRAÇO JUSANTE,-22.7792,-44.2269,633.0,5.23,2008-12-01,2014-02-24,True,RIO DO BRAÇO,"ATLÂNTICO,TRECHO LESTE",2244,176.28509562426845,176.28509562426845,0.13075,1.0,0.10189260644773696,0.3857535212895474
2345211,UHE PARAIBUNA SÃO LUIZ DO PARAITINGA,-23.2375,-45.3064,,2.87,2011-12-01,2014-10-14,True,CESP,"ATLÂNTICO,TRECHO LESTE",2345,62.680157748813485,62.680157748813485,0.07175000000000001,1.0,0.24189600678751744,0.3842542013575035
2245148,GUARATINGUETÁ (EPA),-22.8,-45.1833,530.0,3.5,1946-06-01,1949-12-01,False,SPÁGUAS-SP,"ATLÂNTICO,TRECHO LESTE",2245,82.44212365708772,82.44212365708772,0.0875,1.0,0.19523218853747618,0.3827964377074952
2345212,UHE PARAIBUNA FAZENDA PALMEIRAS,-23.4211,-45.2889,,2.87,2011-12-01,2014-10-14,True,CESP,"ATLÂNTICO,TRECHO LESTE",2345,71.23996739308384,71.23996739308384,0.07175000000000001,1.0,0.2192021826776325,0.3797154365355265
2345245,SANTA BRANCA_Centro,-23.3973,-45.8857,642.0,0.0,2014-01-01,,True,CEMADEN,"ATLÂNTICO,TRECHO LESTE",2345,30.39124799894371,30.39124799894371,0.0,1.0,0.3968943178470046,0.3793788635694009
2345242,POTIM_Policia Militar,-23.4011,-45.9539,612.0,0.0,2014-01-01,,True,CEMADEN,"ATLÂNTICO,TRECHO LESTE",2345,31.102370304679805,31.102370304679805,0.0,1.0,0.3913712784897662,0.37827425569795325
2345001,TAUBATÉ,-23.0333,-45.5667,610.0,0.41,1963-01-01,2005-07-06,True,SPÁGUAS-SP,"ATLÂNTICO,TRECHO LESTE",2345,36.28408002567174,36.28408002567174,0.010249999999999999,1.0,0.3553402665705435,0.3761930533141087
2244127,PEREQUE,-22.4833,-44.9833,780.0,3.76,1937-05-01,1941-02-01,False,SPÁGUAS-SP,"ATLÂNTICO,TRECHO LESTE",2244,118.55430845179713,118.55430845179713,0.094,1.0,0.14434773067311707,0.37586954613462337
2344010,CUNHA,-23.0833,-44.95,967.0,3.09,1967-08-01,1970-09-01,False,ANA,"ATLÂNTICO,TRECHO LESTE",2344,98.0071373307306,98.0071373307306,0.07725,1.0,0.16948127420418102,0.3725212548408362
2345256,SÃO LUIZ DO PARAITINGA_COMDEC,-23.2242,-45.3142,753.0,1.84,2014-01-01,2015-11-04,True,CEMADEN,"ATLÂNTICO,TRECHO LESTE",2345,61.61950843916162,61.61950843916162,0.046,1.0,0.24503945665033994,0.372007891330068
2345176,ALTO DA SERRA,-23.5667,-45.45,760.0,2.08,1972-09-01,2006-04-10,True,SPÁGUAS-SP,"ATLÂNTICO,TRECHO LESTE",2345,67.78056287146254,67.78056287146254,0.052000000000000005,1.0,0.2278408721220675,0.37156817442441353
2244143,MAROMBA,-22.3267,-44.6183,,3.83,1984-07-01,1988-05-01,False,FURNAS,"ATLÂNTICO,TRECHO LESTE",2244,159.21068108310556,159.21068108310556,0.09575,1.0,0.11160049099263998,0.37019509819852797
2244142,REGINA DUARTE,-22.2733,-44.5483,,3.83,1984-07-01,1988-05-01,False,FURNAS,"ATLÂNTICO,TRECHO LESTE",2244,168.5057007115634,168.5057007115634,0.09575,1.0,0.10609758709951392,0.3690945174199028
2244141,CAMPO ALEGRE,-22.2933,-44.4817,,3.83,1984-07-01,1988-05-01,False,FURNAS,"ATLÂNTICO,TRECHO LESTE",2244,172.9921491025381,172.9921491025381,0.09575,1.0,0.10363115853678513,0.36860123170735704
2345241,PARAIBUNA_ETA,-23.3891,-45.6631,657.0,0.0,2014-01-01,,True,CEMADEN,"ATLÂNTICO,TRECHO LESTE",2345,38.55153590694883,38.55153590694883,0.0,1.0,0.3415794255471687,0.36831588510943375
2245190,PINDAMONHANGABA,-22.9167,-45.4667,,0.91,1989-01-01,1989-12-01,False,FURNAS,"ATLÂNTICO,TRECHO LESTE",2245,50.66752648329894,50.66752648329894,0.02275,1.0,0.2830154244145882,0.36797808488291767
2345173,BAIRRO SÃO LOURENÇO,-23.6167,-45.7167,1190.0,1.33,1972-08-01,1973-12-01,False,SPÁGUAS-SP,"ATLÂNTICO,TRECHO LESTE",2345,58.06082200784094,58.06082200784094,0.03325,1.0,0.25621047134234726,0.3678670942684694
2244140,FAZENDA SERTÃO,-22.2067,-44.3867,,3.83,1984-07-01,1988-05-01,False,FURNAS,"ATLÂNTICO,TRECHO LESTE",2244,186.43832868732258,186.43832868732258,0.09575,1.0,0.09688123386375877,0.3672512467727517
2245221,APARECIDA_Itaguaçu,-22.8681,-45.2603,539.0,1.85,2014-01-01,2015-11-06,True,CEMADEN,"ATLÂNTICO,TRECHO LESTE",2245,72.10132620076692,72.10132620076692,0.04625,1.0,0.21715213911690082,0.36655542782338013
2244019,CRUZEIRO,-22.5833,-44.9667,514.0,2.91,1961-01-01,1963-12-01,False,INMET,"ATLÂNTICO,TRECHO LESTE",2244,113.62684555883686,113.62684555883686,0.07275000000000001,1.0,0.1496705240354855,0.3663091048070971
2244089,ITATIAIA (FUNIL),-22.5333,-44.5667,545.0,3.42,1963-05-01,1966-10-01,False,INMET,"ATLÂNTICO,TRECHO LESTE",2244,152.30760408797792,152.30760408797792,0.08549999999999999,1.0,0.11607148799880168,0.36596429759976035
2345016,RIBEIRÃO DAS ANTAS,-23.2,-45.5167,820.0,0.0,1961-03-01,2005-07-06,True,SPÁGUAS-SP,"ATLÂNTICO,TRECHO LESTE",2345,40.79022293746968,40.79022293746968,0.0,1.0,0.32900027395149534,0.3658000547902991
2245244,TREMEMBE_ETA,-22.9627,-45.5488,564.0,0.0,2014-01-01,,True,CEMADEN,"ATLÂNTICO,TRECHO LESTE",2245,40.85768108342251,40.85768108342251,0.0,1.0,0.32863559116858876,0.36572711823371773
2345010,RIBEIRÃO DAS ALMAS,-23.1333,-45.4167,660.0,0.59,1957-06-01,2005-07-06,True,SPÁGUAS-SP,"ATLÂNTICO,TRECHO LESTE",2345,50.16641042096629,50.16641042096629,0.01475,1.0,0.28503667039555214,0.36438233407911047
2244051,ALTO DA BAGAGEM,-22.3,-44.4333,,3.5,1942-01-01,1945-07-01,False,ANA,"ATLÂNTICO,TRECHO LESTE",2244,176.81749861769174,176.81749861769174,0.0875,1.0,0.10161698091107749,0.3640733961822155
2245183,BAIRRO PASSA QUATRO,-22.5833,-45.1,580.0,2.42,1969-04-01,1971-09-01,False,SPÁGUAS-SP,"ATLÂNTICO,TRECHO LESTE",2245,102.29908083930772,102.29908083930772,0.0605,1.0,0.16353352668511528,0.36295670533702307
2245184,SERRA DOS MARINS,-22.55,-45.15,900.0,2.33,1969-03-01,1971-07-01,False,SPÁGUAS-SP,"ATLÂNTICO,TRECHO LESTE",2245,100.52294229738521,100.52294229738521,0.05825,1.0,0.16594350933327576,0.3623137018666551
2244052,SERRA DOS PINTOS,-22.3167,-44.4833,,3.25,1942-04-01,1945-07-01,False,ANA,"ATLÂNTICO,TRECHO LESTE",2244,171.4653938295135,171.4653938295135,0.08125,1.0,0.10445751892798234,0.36151650378559647
2244139,FUMAÇA,-22.2614,-44.3439,,3.33,1985-01-01,1988-05-01,False,FURNAS,"ATLÂNTICO,TRECHO LESTE",2244,186.90601466472532,186.90601466472532,0.08325,1.0,0.09666224557274665,0.36095744911454936
2244128,FAZENDA GLÓRIA,-22.55,-44.95,,2.42,1938-07-01,1940-12-01,False,SPÁGUAS-SP,"ATLÂNTICO,TRECHO LESTE",2244,117.07121594406317,117.07121594406317,0.0605,1.0,0.1459095541120881,0.3594319108224176
2245181,FAZENDA SÃO BENTO,-22.0,-45.0,,2.91,1941-01-01,1943-12-01,False,ANA,"ATLÂNTICO,TRECHO LESTE",2245,155.9415078882376,155.9415078882376,0.07275000000000001,1.0,0.1136741422763325,0.3591098284552665
2244169,VISCONDE DE MAUÁ,-22.3294,-44.5386,,2.9,2011-05-01,2014-03-26,True,INFOPER,"ATLÂNTICO,TRECHO LESTE",2244,165.8985978577384,165.8985978577384,0.0725,1.0,0.10758553442831931,0.3577671068856639
2345195,VARGINHA,-23.45,-45.55,,0.08,1953-05-01,1953-06-01,False,ANA,"ATLÂNTICO,TRECHO LESTE",2345,51.375177503537195,51.375177503537195,0.002,1.0,0.28020946076118475,0.3570418921522369
2344011,PARATI,-23.2166666666667,-44.7,,2.25,1940-10-01,1943-01-01,False,DNOS,"ATLÂNTICO,TRECHO LESTE",2344,123.82950522858359,123.82950522858359,0.05625,1.0,0.1390535270785688,0.35593570541571373
2345170,MACUCO,-23.05,-45.3667,900.0,0.25,1971-08-01,2005-07-06,True,SPÁGUAS-SP,"ATLÂNTICO,TRECHO LESTE",2345,55.9077830636841,55.9077830636841,0.00625,1.0,0.2634775933743272,0.3558205186748654
2245239,PINDAMONHANGABA_Policia Militar,-22.9311,-45.4475,552.0,0.0,2014-01-01,,True,CEMADEN,"ATLÂNTICO,TRECHO LESTE",2245,51.73470601127197,51.73470601127197,0.0,1.0,0.278805073751293,0.35576101475025856
2244183,ANGRA DOS REIS_Itanema,-22.9231,-44.3589,6.0,2.52,2014-01-01,2016-07-08,True,CEMADEN,"ATLÂNTICO,TRECHO LESTE",2244,160.02614825206055,160.02614825206055,0.063,1.0,0.11109497255919368,0.35371899451183875
2345240,NATIVIDADE DA SERRA_Policia Militar,-23.3779,-45.4459,722.0,0.0,2014-01-01,,True,CEMADEN,"ATLÂNTICO,TRECHO LESTE",2345,54.897621361596194,54.897621361596194,0.0,1.0,0.2670311771777443,0.35340623543554883
2345087,NATIVIDADE DA SERRA,-23.4167,-45.4167,,0.0,1800-01-01,1800-01-01,False,INMET,"ATLÂNTICO,TRECHO LESTE",2345,59.704704531497775,59.704704531497775,0.0,1.0,0.2509262171857921,0.3501852434371584
2244168,RIALTO,-22.5856,-44.2689,,2.23,2012-01-01,2014-03-26,True,INFOPER,"ATLÂNTICO,TRECHO LESTE",2244,178.24897649306382,178.24897649306382,0.05575,1.0,0.10088324466431606,0.34805164893286317
2244167,FAZENDA ESCOLA UBM,-22.5972,-44.1692,,2.23,2012-01-01,2014-03-26,True,INFOPER,"ATLÂNTICO,TRECHO LESTE",2244,187.48623294454904,187.48623294454904,0.05575,1.0,0.09639193750915043,0.34715338750183006
2244192,SÃO JOSÉ DO BARREIRO_Delegacia de Policia Civil,-22.6475,-44.5756,514.0,1.84,2014-01-01,2015-11-04,True,CEMADEN,"ATLÂNTICO,TRECHO LESTE",2244,146.36736343931355,146.36736343931355,0.046,1.0,0.1202158860159822,0.34704317720319644
2245241,ROSEIRA_Delegacia de Policia,-22.8993,-45.3033,558.0,0.0,2014-01-01,,True,CEMADEN,"ATLÂNTICO,TRECHO LESTE",2245,66.6953660710848,66.6953660710848,0.0,1.0,0.2306928375341451,0.34613856750682903
2344036,ANGRA DOS REIS_São Bento,-23.0119,-44.3219,2.0,1.86,2014-01-01,2015-11-11,True,CEMADEN,"ATLÂNTICO,TRECHO LESTE",2344,162.66559021750382,162.66559021750382,0.0465,1.0,0.10948969631437193,0.34514793926287435
2344037,ANGRA DOS REIS_Ponta Leste,-23.0519,-44.2431,28.0,1.86,2014-01-01,2015-11-11,True,CEMADEN,"ATLÂNTICO,TRECHO LESTE",2344,170.40978532726626,170.40978532726626,0.0465,1.0,0.1050366186045799,0.34425732372091594
2245246,PCH LAVRINHAS RIO PIAGUI,-22.7469,-45.1883,537.0,0.43,2016-07-01,2016-12-05,True,LAVRINHAS,"ATLÂNTICO,TRECHO LESTE",2245,84.76099418151352,84.76099418151352,0.01075,1.0,0.19091075028695428,0.34355715005739085
2344035,ANGRA DOS REIS_Vila do Abraão,-23.1389,-44.1689,6.0,1.86,2014-01-01,2015-11-11,True,CEMADEN,"ATLÂNTICO,TRECHO LESTE",2344,177.75651563474025,177.75651563474025,0.0465,1.0,0.10113446798860651,0.34347689359772127
2245245,PCH LAVRINHAS MONTANTE 2,-22.7072,-45.1278,532.0,0.6,2016-05-01,2016-12-05,True,LAVRINHAS,"ATLÂNTICO,TRECHO LESTE",2245,92.34307439056597,92.34307439056597,0.015,1.0,0.1780261053785039,0.3431052210757008
2345239,LAGOINHA_ETA Sabesp,-23.0932,-45.1892,962.0,0.0,2014-01-01,,True,CEMADEN,"ATLÂNTICO,TRECHO LESTE",2345,73.51529099374928,73.51529099374928,0.0,1.0,0.21386876720874273,0.34277375344174854
2245219,APARECIDA_Rua Benedito Garcia dos Reis,-22.86,-45.225,645.0,0.0,2014-01-01,,True,CEMADEN,"ATLÂNTICO,TRECHO LESTE",2245,75.78035003800045,75.78035003800045,0.0,1.0,0.20881109739174147,0.3417622194783483
2245222,APARECIDA_Rua Nenzinho Macedo,-22.839,-45.231,532.0,0.0,2014-01-01,,True,CEMADEN,"ATLÂNTICO,TRECHO LESTE",2245,76.16375852838122,76.16375852838122,0.0,1.0,0.20797855976165194,0.3415957119523304
2245220,APARECIDA_São Roque,-22.8333,-45.2164,566.0,0.0,2014-01-01,,True,CEMADEN,"ATLÂNTICO,TRECHO LESTE",2245,77.78785822969783,77.78785822969783,0.0,1.0,0.20452436899703022,0.34090487379940604
2244162,FAZENDA CAPELA DO JACÚ,-22.5097,-44.8972,,1.04,2006-10-01,2007-10-16,True,FURNAS,"ATLÂNTICO,TRECHO LESTE",2244,124.06617244973145,124.06617244973145,0.026000000000000002,1.0,0.13882509446815863,0.34076501889363175
2245236,GUARATINGUETA_Parque Santa Luzia,-22.804,-45.228,553.0,0.0,2014-01-01,,True,CEMADEN,"ATLÂNTICO,TRECHO LESTE",2245,78.1485665423243,78.1485665423243,0.0,1.0,0.20377271624619664,0.3407545432492393
2244080,PONTE DO VERÍSSIMO,-22.2667,-44.4,,1.66,1943-11-01,1945-07-01,False,ANA,"ATLÂNTICO,TRECHO LESTE",2244,181.67939704290373,181.67939704290373,0.041499999999999995,1.0,0.09916729370102864,0.3405834587402057
2245235,GUARATINGUETA_Jardim Benedito,-22.819,-45.187,548.0,0.0,2014-01-01,,True,CEMADEN,"ATLÂNTICO,TRECHO LESTE",2245,81.19013268352182,81.19013268352182,0.0,1.0,0.19764772976977107,0.33952954595395424
2245095,GUARATINGUETÁ (SBGW),-22.7833,-45.2,537.0,0.0,1800-01-01,1800-01-01,False,DEPV,"ATLÂNTICO,TRECHO LESTE",2245,81.75796478177783,81.75796478177783,0.0,1.0,0.19654481143456862,0.3393089622869137
2244082,PASSO TRÊS,-22.6833,-44.0,,1.58,1938-01-01,1939-08-01,False,DNOS,"ATLÂNTICO,TRECHO LESTE",2244,201.4205959500929,201.4205959500929,0.0395,1.0,0.09032583402723701,0.3378151668054474
2244116,NHANGAPI,-22.5014,-44.6322,425.0,1.08,1950-07-01,1951-08-01,False,LIGHT,"ATLÂNTICO,TRECHO LESTE",2244,147.92358367971022,147.92358367971022,0.027000000000000003,1.0,0.11910179357622028,0.3373203587152441
2344020,VILA PEREQUÊ,-23.0025,-44.5433333333333,7.1,0.95,2008-11-01,2009-10-13,True,INFOPER,"ATLÂNTICO,TRECHO LESTE",2344,140.19305301742034,140.19305301742034,0.02375,1.0,0.12484935909065346,0.3368448718181307
2245237,LORENA_Policia Militar,-22.7369,-45.1236,534.0,0.0,2014-01-01,,True,CEMADEN,"ATLÂNTICO,TRECHO LESTE",2245,91.09870653193279,91.09870653193279,0.0,1.0,0.18002009766199623,0.3360040195323992
2245240,PIQUETE_Batalhão de Polícia,-22.6126,-45.1835,641.0,0.0,2014-01-01,,True,CEMADEN,"ATLÂNTICO,TRECHO LESTE",2245,93.48883827154272,93.48883827154272,0.0,1.0,0.17622878429812064,0.3352457568596241
2244195,PCH LAVRINHAS MONTANTE 1,-22.5833,-44.9556,516.0,0.43,2016-07-01,2016-12-05,True,LAVRINHAS,"ATLÂNTICO,TRECHO LESTE",2244,114.59304132984056,114.59304132984056,0.01075,1.0,0.14859609235656532,0.33509421847131304
2244146,DIQUE DE NHANGAPI,-22.5,-44.6167,,0.91,1989-01-01,1989-12-01,False,FURNAS,"ATLÂNTICO,TRECHO LESTE",2244,149.40185573711867,149.40185573711867,0.02275,1.0,0.11806246108092475,0.33498749221618496
2344042,CUNHA_ETA 1,-23.0834,-44.961,995.0,0.0,2014-01-01,,True,CEMADEN,"ATLÂNTICO,TRECHO LESTE",2344,96.88279344153976,96.88279344153976,0.0,1.0,0.17111158461491788,0.33422231692298354
2344043,CUNHA_ETA 2,-23.0744,-44.9461,963.0,0.0,2014-01-01,,True,CEMADEN,"ATLÂNTICO,TRECHO LESTE",2344,98.4600840292517,98.4600840292517,0.0,1.0,0.16883324171086475,0.33376664834217296
2245234,CANAS_E.E. Profa Alice Vilela Galvao,-22.7022,-45.0501,537.0,0.0,2014-01-01,,True,CEMADEN,"ATLÂNTICO,TRECHO LESTE",2245,99.56540315246797,99.56540315246797,0.0,1.0,0.1672724673917279,0.33345449347834555
2245008,CACHOEIRA PAULISTA,-22.6667,-45.0167,520.0,0.0,1955-11-01,2005-07-06,True,SPÁGUAS-SP,"ATLÂNTICO,TRECHO LESTE",2245,104.47112437886499,104.47112437886499,0.0,1.0,0.1606798371895801,0.332135967437916
2244072,CARLOS EULER,-22.1833,-44.2833,1200.0,1.08,1944-11-01,1945-12-01,False,ANA,"ATLÂNTICO,TRECHO LESTE",2244,196.78618404862476,196.78618404862476,0.027000000000000003,1.0,0.09225680173195001,0.33195136034639
2245223,CACHOEIRA PAULISTA_Sabesp,-22.6617,-45.0039,568.0,0.0,2014-01-01,,True,CEMADEN,"ATLÂNTICO,TRECHO LESTE",2245,105.88855627653031,105.88855627653031,0.0,1.0,0.15887067571151936,0.33177413514230386
2244164,PCH AREAL JUSANTE,-22.1569,-44.0853,474.0,1.15,2012-12-01,2014-01-24,True,AREAL ENERGIAS,"ATLÂNTICO,TRECHO LESTE",2244,215.72801943803105,215.72801943803105,0.028749999999999998,1.0,0.08484354150040982,0.3313437083000819
2244170,PCH QUELUZ JUSANTE,-22.545,-44.7919,479.0,0.3,2015-05-01,2015-08-19,True,QUELUZ,"ATLÂNTICO,TRECHO LESTE",2244,131.2192860498272,131.2192860498272,0.0075,1.0,0.13225826230531165,0.3302016524610623
2244189,CRUZEIRO_Centro,-22.5757,-44.9586,522.0,0.0,2014-01-01,,True,CEMADEN,"ATLÂNTICO,TRECHO LESTE",2244,114.78110895901504,114.78110895901504,0.0,1.0,0.14838874790740672,0.3296777495814813
2244193,SILVEIRAS_E.E. Hildebrando Martins Sodero,-22.6719,-44.8539,623.0,0.0,2014-01-01,,True,CEMADEN,"ATLÂNTICO,TRECHO LESTE",2244,119.06143222598949,119.06143222598949,0.0,1.0,0.14382132903318506,0.328764265806637
2244190,LAVRINHAS_Centro,-22.5716,-44.9025,512.0,0.0,2014-01-01,,True,CEMADEN,"ATLÂNTICO,TRECHO LESTE",2244,119.92266323625293,119.92266323625293,0.0,1.0,0.1429361015393977,0.3285872203078795
2344039,PARATY_Vila Colonial,-23.223,-44.727,3.0,0.0,2014-01-01,,True,CEMADEN,"ATLÂNTICO,TRECHO LESTE",2344,121.13774292994161,121.13774292994161,0.0,1.0,0.14170553945961614,0.3283411078919232
2344038,PARATY_BR101 - km588,-23.32,-44.727,93.0,0.0,2014-01-01,,True,CEMADEN,"ATLÂNTICO,TRECHO LESTE",2344,122.53940778940938,122.53940778940938,0.0,1.0,0.1403120744653886,0.3280624148930777
2344041,PARATY_Laranjeiras,-23.333,-44.678,46.0,0.0,2014-01-01,,True,CEMADEN,"ATLÂNTICO,TRECHO LESTE",2344,127.7185037630297,127.7185037630297,0.0,1.0,0.1353926521763586,0.3270785304352717
2244191,QUELUZ_Secretaria Municipal de Educação,-22.5381,-44.7728,483.0,0.0,2014-01-01,,True,CEMADEN,"ATLÂNTICO,TRECHO LESTE",2244,133.30396463435798,133.30396463435798,0.0,1.0,0.13045977021991292,0.32609195404398256
2344040,PARATY_Tarituba,-23.039,-44.595,33.0,0.0,2014-01-01,,True,CEMADEN,"ATLÂNTICO,TRECHO LESTE",2344,134.56682084537576,134.56682084537576,0.0,1.0,0.1293938756753458,0.32587877513506913
2244187,AREIAS_Policia Civil,-22.5794,-44.6978,518.0,0.0,2014-01-01,,True,CEMADEN,"ATLÂNTICO,TRECHO LESTE",2244,137.961931092938,137.961931092938,0.0,1.0,0.12661278487557145,0.32532255697511425
2244181,ANGRA DOS REIS_Manbucaba,-22.951,-44.565,28.0,0.0,2014-01-01,,True,CEMADEN,"ATLÂNTICO,TRECHO LESTE",2244,138.6940483957451,138.6940483957451,0.0,1.0,0.12602867090594835,0.32520573418118964
2344022,ANGRA DOS REIS_Parque Pereque,-23.014,-44.533,3.0,0.0,2014-01-01,,True,CEMADEN,"ATLÂNTICO,TRECHO LESTE",2344,141.12202088588296,141.12202088588296,0.0,1.0,0.12412952549897131,0.32482590509979425
2344024,ANGRA DOS REIS_Praia das Goiabas,-23.024,-44.512,43.0,0.0,2014-01-01,,True,CEMADEN,"ATLÂNTICO,TRECHO LESTE",2344,143.16575502641163,143.16575502641163,0.0,1.0,0.12257474000449788,0.3245149480008996
2344029,ANGRA DOS REIS_Praia Brava,-23.005,-44.48,14.0,0.0,2014-01-01,,True,CEMADEN,"ATLÂNTICO,TRECHO LESTE",2344,146.61643319053107,146.61643319053107,0.0,1.0,0.12003617900720141,0.32400723580144025
2244172,ANGRA DOS REIS_Frade,-22.966,-44.44,5.0,0.0,2014-01-01,,True,CEMADEN,"ATLÂNTICO,TRECHO LESTE",2244,151.1585406966497,151.1585406966497,0.0,1.0,0.11685072751027192,0.3233701455020544
2244174,ANGRA DOS REIS_Bracuí,-22.933,-44.387,7.0,0.0,2014-01-01,,True,CEMADEN,"ATLÂNTICO,TRECHO LESTE",2244,157.02050909576306,157.02050909576306,0.0,1.0,0.11298125907648682,0.32259625181529733
2244186,ARAPEI_EE Vicente de Paula Almeida,-22.6747,-44.4458,499.0,0.0,2014-01-01,,True,CEMADEN,"ATLÂNTICO,TRECHO LESTE",2244,157.83388915289308,157.83388915289308,0.0,1.0,0.11246450322415744,0.3224929006448315
2344025,ANGRA DOS REIS_Vila Velha,-23.024,-44.349,24.0,0.0,2014-01-01,,True,CEMADEN,"ATLÂNTICO,TRECHO LESTE",2344,159.79454259259165,159.79454259259165,0.0,1.0,0.11123808159916913,0.32224761631983384
2344031,ANGRA DOS REIS_Praia de Araçatiba,-23.155,-44.327,10.0,0.0,2014-01-01,,True,CEMADEN,"ATLÂNTICO,TRECHO LESTE",2344,161.608608143901,161.608608143901,0.0,1.0,0.11012693838913531,0.32202538767782707
2244180,ANGRA DOS REIS_Pontal,-22.948,-44.329,7.0,0.0,2014-01-01,,True,CEMADEN,"ATLÂNTICO,TRECHO LESTE",2244,162.68407310325463,162.68407310325463,0.0,1.0,0.10947861879943865,0.32189572375988773
2244178,ANGRA DOS REIS_Ariró,-22.902,-44.332,17.0,0.0,2014-01-01,,True,CEMADEN,"ATLÂNTICO,TRECHO LESTE",2244,163.104452647775,163.104452647775,0.0,1.0,0.10922727279861717,0.3218454545597234
2244182,ANGRA DOS REIS_Enseada,-22.987,-44.32,6.0,0.0,2014-01-01,,True,CEMADEN,"ATLÂNTICO,TRECHO LESTE",2244,163.11092670127465,163.11092670127465,0.0,1.0,0.10922341096895764,0.32184468219379153
2344026,ANGRA DOS REIS_Praia da Chacara,-23.0,-44.305,2.0,0.0,2014-01-01,,True,CEMADEN,"ATLÂNTICO,TRECHO LESTE",2344,164.50287008799964,164.50287008799964,0.0,1.0,0.1083993977462838,0.32167987954925675
2344032,ANGRA DOS REIS_Mombaça,-23.017,-44.291,55.0,0.0,2014-01-01,,True,CEMADEN,"ATLÂNTICO,TRECHO LESTE",2344,165.77244113854394,165.77244113854394,0.0,1.0,0.10765859498548848,0.3215317189970977
2244176,ANGRA DOS REIS_Parque do Belém,-22.96,-44.295,3.0,0.0,2014-01-01,,True,CEMADEN,"ATLÂNTICO,TRECHO LESTE",2244,165.97843073752153,165.97843073752153,0.0,1.0,0.10753935238988421,0.32150787047797685
2244175,ANGRA DOS REIS_Areal,-22.982,-44.292,13.0,0.0,2014-01-01,,True,CEMADEN,"ATLÂNTICO,TRECHO LESTE",2244,166.0184877885065,166.0184877885065,0.0,1.0,0.10751619496412086,0.3215032389928242
2344034,ANGRA DOS REIS_Praia Sítio Forte,-23.137,-44.282,18.0,0.0,2014-01-01,,True,CEMADEN,"ATLÂNTICO,TRECHO LESTE",2344,166.19141496720005,166.19141496720005,0.0,1.0,0.10741633819971372,0.3214832676399427
2344028,ANGRA DOS REIS_Camorim Pequeno,-23.005,-44.279,66.0,0.0,2014-01-01,,True,CEMADEN,"ATLÂNTICO,TRECHO LESTE",2344,167.10524501446673,167.10524501446673,0.0,1.0,0.10689171219360326,0.32137834243872065
2244173,ANGRA DOS REIS_Camorim,-22.998,-44.264,5.0,0.0,2014-01-01,,True,CEMADEN,"ATLÂNTICO,TRECHO LESTE",2244,168.70255605276373,168.70255605276373,0.0,1.0,0.10598690562732883,0.32119738112546575
2244179,ANGRA DOS REIS_Serra d`agua,-22.889,-44.278,26.0,0.0,2014-01-01,,True,CEMADEN,"ATLÂNTICO,TRECHO LESTE",2244,168.7953689285663,168.7953689285663,0.0,1.0,0.10593480186247216,0.32118696037249445
2344033,ANGRA DOS REIS_Praia de Bananal,-23.109,-44.248,30.0,0.0,2014-01-01,,True,CEMADEN,"ATLÂNTICO,TRECHO LESTE",2344,169.68912514277176,169.68912514277176,0.0,1.0,0.1054356699939797,0.32108713399879596
2244188,BANANAL_Centro,-22.6795,-44.3177,452.0,0.0,2014-01-01,,True,CEMADEN,"ATLÂNTICO,TRECHO LESTE",2244,170.17032122334956,170.17032122334956,0.0,1.0,0.10516888161802375,0.32103377632360475
2244177,ANGRA DOS REIS_BNH,-22.992,-44.241,6.0,0.0,2014-01-01,,True,CEMADEN,"ATLÂNTICO,TRECHO LESTE",2244,171.10754313393042,171.10754313393042,0.0,1.0,0.10465311662755125,0.32093062332551026
2344027,ANGRA DOS REIS_Monsuaba,-23.01,-44.222,4.0,0.0,2014-01-01,,True,CEMADEN,"ATLÂNTICO,TRECHO LESTE",2344,172.87361227251935,172.87361227251935,0.0,1.0,0.10369484847798228,0.32073896969559645
2244184,ANGRA DOS REIS_Monsuaba2,-22.987,-44.218,17.0,0.0,2014-01-01,,True,CEMADEN,"ATLÂNTICO,TRECHO LESTE",2244,173.503390722789,173.503390722789,0.0,1.0,0.10335736198365536,0.32067147239673105
2344023,ANGRA DOS REIS_Portogalo,-23.037,-44.195,79.0,0.0,2014-01-01,,True,CEMADEN,"ATLÂNTICO,TRECHO LESTE",2344,175.41837183246892,175.41837183246892,0.0,1.0,0.10234452274091144,0.3204689045481823
2344030,ANGRA DOS REIS_Praia de Garatucaia,-23.037,-44.177,4.0,0.0,2014-01-01,,True,CEMADEN,"ATLÂNTICO,TRECHO LESTE",2344,177.2568174360275,177.2568174360275,0.0,1.0,0.10139066552914561,0.3202781331058291
2244185,MANGARATIBA_Praia do Saco,-22.945,-44.038,5.0,0.0,2014-01-01,,True,CEMADEN,"ATLÂNTICO,TRECHO LESTE",2244,192.3131470793802,192.3131470793802,0.0,1.0,0.09420047827995479,0.3188400956559909
